id,bid,user_id,用户昵称,微博正文,头条文章url,发布位置,艾特用户,话题,转发数,评论数,点赞数,发布时间,发布工具,微博图片url,微博视频url,retweet_id
4506007663884207,J2whMgisv,5313159468,紫殿花开茶都遥想,#陈芊芊回应传闻#哈哈我怕我跳戏韫色过浓,,,,陈芊芊回应传闻,0,0,0,2020-05-18 18:56,前置双摄vivo X9,,,
4506007399812140,J2whlFaAk,7392589363,娱乐龄,传闻中的陈芊芊首发预告！又有甜甜甜的恋爱可以嗑了！！#传闻中的陈芊芊##陈芊芊回应传闻#L娱乐龄的微博视频,,,,"传闻中的陈芊芊,陈芊芊回应传闻",0,0,0,2020-05-18 18:55,微博云剪,,"http://f.video.weibocdn.com/nAH0x74Qlx07DmUTlLyo01041200ccKY0E010.mp4?label=mp4_ld&template=644x360.25.0&trans_finger=40a32e8439c5409a63ccf853562a60ef&Expires=1589803014&ssig=xTu%2Bpb9auZ&KID=unistore,video",
4506004144513188,J2wc6iW5m,5487767987,壹只晛,#陈芊芊回应传闻#终于有了一部想追的剧了肉丝太可爱了,,,,陈芊芊回应传闻,0,0,0,2020-05-18 18:42,小现送的iPhone 8 Plus,,,
4506004102442316,J2wc2afmc,5181066023,海量公考资料,#陈芊芊回应传闻#四川事业单位综合基础知识2020年最新版。#四川事业单位##四川综合知识#,,,,"陈芊芊回应传闻,四川事业单位,四川综合知识",0,0,0,2020-05-18 18:42,HUAWEI nova 3,,,
4506003812791682,J2wbzbIf8,1200268132,小白董董,#传闻中的陈芊芊##陈芊芊回应传闻#传闻中的陈芊芊要开播啦！时间是2020年5月18日8点开始在腾讯视频播出。我已拿好小板凳，咱们一起来追剧吧！,,,,"传闻中的陈芊芊,陈芊芊回应传闻",0,1,3,2020-05-18 18:41,iPhone X,"['http://ww3.sinaimg.cn/large/478aa364gy1gewshs9epwj20u01a0tly.jpg', 'http://ww2.sinaimg.cn/large/478aa364gy1gewshsrp1aj20u01a07ez.jpg', 'http://ww3.sinaimg.cn/large/478aa364gy1gewshtclv9j20u01a0dx3.jpg', 'http://ww4.sinaimg.cn/large/478aa364gy1gewshrpu6zj21dr0u0qcf.jpg', 'http://ww1.sinaimg.cn/large/478aa364gy1gewshttfmvj21hm0u0k25.jpg', 'http://ww3.sinaimg.cn/large/478aa364gy1gewshua4glj21900u0te6.jpg', 'http://ww2.sinaimg.cn/large/478aa364gy1gewshur0i9j20yi0yiwln.jpg', 'http://ww2.sinaimg.cn/large/478aa364gy1gewshv9mb8j20yi0yeqa8.jpg', 'http://ww2.sinaimg.cn/large/478aa364gy1gewshvrrayj20yi0yik18.jpg']",,
4506002844395276,J2wa0irpy,5711540198,小一点的鹤LA,#陈芊芊回应传闻#之前看预告没get到男主的颜，不怎么很想追，但是然后最近韫色过浓的热搜里突然就get到了，发现原来同一个男主哈哈哈，兴趣突突上来,,,,陈芊芊回应传闻,0,0,0,2020-05-18 18:37,HUAWEI P20,,,
4506001908438053,J2w8uzp7D,1942271515,KimYeom_Tracer85,#陈芊芊回应传闻#今晚就可以看古代版的周医生啦韩少主，你好！,,,,陈芊芊回应传闻,0,1,4,2020-05-18 18:33,奶膘のiPhone XS Max,"['http://ww3.sinaimg.cn/large/73c4b61bgy1gewsa6qhc9j20tz0zxnpd.jpg', 'http://ww2.sinaimg.cn/large/73c4b61bgy1gewseybazcj20u00u01kx.jpg', 'http://ww2.sinaimg.cn/large/73c4b61bgy1gewsezagrkj20sw0tz1kx.jpg']",,
4506001381022086,J2w7E4hTg,5645097421,Diamond-4号,#陈芊芊回应传闻#谁能告诉我剧情。有点想看,,,,陈芊芊回应传闻,0,1,1,2020-05-18 18:31,'ㅅ' Android,,,
4506001330356532,J2w7z1uKw,6274757872,每天看点剧吧,#陈芊芊回应传闻##传闻中的陈芊芊# 今晚赵露思、丁禹兮来了，O今晚8点腾讯视频独播，穿越到自己剧本的陈芊芊，本剧讲述了花垣城陈芊芊和玄虎城韩烁的爱情故事，期待吗？#穿越剧#,,,,"陈芊芊回应传闻,传闻中的陈芊芊,穿越剧",0,1,2,2020-05-18 18:31,,"['http://ww1.sinaimg.cn/large/006QEfa8ly1gews3xgykej30u01a0qg4.jpg', 'http://ww3.sinaimg.cn/large/006QEfa8ly1gews3xzv21j30u01a0n7n.jpg', 'http://ww1.sinaimg.cn/large/006QEfa8ly1gews3ybiasj30u01a0tjo.jpg', 'http://ww4.sinaimg.cn/large/006QEfa8ly1gews439yctj30u00u0ae4.jpg', 'http://ww3.sinaimg.cn/large/006QEfa8ly1gews42hkyxg30ma0d2hdy.jpg', 'http://ww1.sinaimg.cn/large/006QEfa8ly1gews42z5q9j30mg1m7wsd.jpg', 'http://ww2.sinaimg.cn/large/006QEfa8ly1gews3yr42yj30u01a0wpd.jpg', 'http://ww3.sinaimg.cn/large/006QEfa8ly1gews3z5tvfj30u01a0wtd.jpg', 'http://ww1.sinaimg.cn/large/006QEfa8ly1gews402mpyj30u01a0trc.jpg']",,
4506000939317483,J2w6VD5TZ,6179910941,一起看好剧,#陈芊芊回应传闻##传闻中的陈芊芊#【丁禹兮X赵露思】又灵又可爱的赵露思搭档病弱腹黑的丁禹兮~鬼马郡主陈芊芊vs犬系少君韩烁之间逗趣暖萌的爱情故事~今晚20点，不见不散哦！,,,,"陈芊芊回应传闻,传闻中的陈芊芊",0,0,1,2020-05-18 18:30,微博 weibo.com,"['http://ww1.sinaimg.cn/large/006Keh8Vly1gewf262bxwj30hs0r9mz6.jpg', 'http://ww3.sinaimg.cn/large/006Keh8Vly1gewf264htgj30hs0auwfd.jpg', 'http://ww1.sinaimg.cn/large/006Keh8Vly1gewf2626pyj30hs0bv74w.jpg', 'http://ww1.sinaimg.cn/large/006Keh8Vly1gewf262ioej30hs07ojrx.jpg', 'http://ww3.sinaimg.cn/large/006Keh8Vly1gewf2628z4j30hs07mmxd.jpg', 'http://ww1.sinaimg.cn/large/006Keh8Vly1gewf2624syj30hs07p3yn.jpg', 'http://ww2.sinaimg.cn/large/006Keh8Vly1gewf2679knj30c8085wew.jpg', 'http://ww3.sinaimg.cn/large/006Keh8Vly1gewf2658i2j30c808c3z0.jpg', 'http://ww1.sinaimg.cn/large/006Keh8Vly1gewf265jg0j30c807jq3t.jpg']",,
4505998482026175,J2w2Y8v6f,1876005227,刘玉燕小朋友,李红亮#陈芊芊回应传闻#陈芊芊回应传闻，很久没有看过那么清新的剧了！俊男美女还是比较养眼！看着舒服也会多看哦！VIP可以看六集,,,,陈芊芊回应传闻,0,0,0,2020-05-18 18:20,李红亮超话,,,
4505998036852283,J2w2fsKAH,6321023418,西瓜冰的冰r,#陈芊芊回应传闻#赵露思又上新剧了？也太高产了吧,,,,陈芊芊回应传闻,0,0,0,2020-05-18 18:18,Android,,,
4505997676532499,J2w1FrpoT,6102866763,130806_啵,#陈芊芊回应传闻#！！！这剧情我喜欢，我要开始追剧了,,,,陈芊芊回应传闻,0,0,0,2020-05-18 18:17,vivo智能手机,,,
4505997282702798,J2w12bl7w,1651430985,南海客人,#陈芊芊回应传闻#走，充腾讯视频去。。。,,,,陈芊芊回应传闻,0,0,0,2020-05-18 18:15,小米8周年旗舰手机,,,
4505996389623329,J2vZAEnsZ,3478748384,娱乐廉,陈芊芊钟丽缇称赞自家婆婆，婆婆反应相反，差距一目了然！#传闻中的陈芊芊##陈芊芊回应传闻#L娱乐廉的微博视频,,,,"传闻中的陈芊芊,陈芊芊回应传闻",0,1,1,2020-05-18 18:12,微博云剪,,"http://f.video.weibocdn.com/EDK9xIILlx07DmRT57WE01041200c9Am0E010.mp4?label=mp4_ld&template=640x360.25.0&trans_finger=40a32e8439c5409a63ccf853562a60ef&Expires=1589803014&ssig=2VntQJXmU9&KID=unistore,video",
4505996029270215,J2vZ0CTBB,5758231865,娱乐圈八卦揭秘,#陈芊芊回应传闻#今晚八点一起来看传闻中的陈芊芊首播。坐等赵露思和丁禹兮来演绎一场沙雕爱情甜剧，只要是肉丝的剧，必须看它，毕竟是个宝藏女孩@赵露思的微博,,,赵露思的微博,陈芊芊回应传闻,20,20,13,2020-05-18 18:10,nova4e 3200W立体美颜,"['http://ww2.sinaimg.cn/large/006hGX9vly1gewrlmy4eqj30qo13rahl.jpg', 'http://ww1.sinaimg.cn/large/006hGX9vly1gewrlmgsmxj30qo13d47b.jpg', 'http://ww3.sinaimg.cn/large/006hGX9vly1gewrl87ib1j31ah0u0woc.jpg', 'http://ww4.sinaimg.cn/large/006hGX9vly1gewrl7skcsg30kl0c2b2d.jpg', 'http://ww1.sinaimg.cn/large/006hGX9vly1gewrl8up5dg30go0gjb29.jpg', 'http://ww4.sinaimg.cn/large/006hGX9vly1gewrl5b4egg30iq0bthdu.jpg', 'http://ww2.sinaimg.cn/large/006hGX9vly1gewrlemiacg30rs0iche1.jpg', 'http://ww2.sinaimg.cn/large/006hGX9vly1gewrli29edg30rs0icnpi.jpg', 'http://ww1.sinaimg.cn/large/006hGX9vly1gewrlloqqxg30ma0d2hdy.jpg']",,
4505995781138037,J2vYC4M3r,6702016399,CyaHuiHuiuii_甄红啊,#陈芊芊回应传闻##传闻中的陈芊芊#今、明晚八点腾讯视频准时收看《传闻中的陈芊芊》o期待露思和大禹@丁禹兮@赵露思的微博,,,"丁禹兮,赵露思的微博","陈芊芊回应传闻,传闻中的陈芊芊",0,0,0,2020-05-18 18:09,iPhone客户端,"['http://ww3.sinaimg.cn/large/007jyYCHgy1gewriw5rvhj31d90u0ted.jpg', 'http://ww4.sinaimg.cn/large/007jyYCHgy1gewrivlccpj30u017xnhb.jpg', 'http://ww3.sinaimg.cn/large/007jyYCHgy1gewriwsroej30u01a0gq7.jpg', 'http://ww1.sinaimg.cn/large/007jyYCHgy1gewrmn7raoj30u00u0dk8.jpg', 'http://ww1.sinaimg.cn/large/007jyYCHgy1gewrmygqdzj30u01804qq.jpg', 'http://ww1.sinaimg.cn/large/007jyYCHgy1gewrn2za4mj30u0182b29.jpg']",,
4505995709741242,J2vYuES8O,6229365520,搞笑沧,终于忍不下去了袁成杰的这一举动，让陈芊芊直接向丈夫服软#传闻中的陈芊芊##陈芊芊回应传闻#L搞笑沧的微博视频,,,,"传闻中的陈芊芊,陈芊芊回应传闻",0,1,0,2020-05-18 18:09,微博云剪,,"http://f.video.weibocdn.com/kDsdVhaNlx07DmRHBlwY01041200iuRq0E010.mp4?label=mp4_ld&template=640x360.25.0&trans_finger=40a32e8439c5409a63ccf853562a60ef&Expires=1589803014&ssig=Z4liVTyNYA&KID=unistore,video",
4505995043108194,J2vXqd2Aa,1853949425,剧综速递,#汇剧V势力#终极预告来袭，赵露思魔性演绎花垣城三公主，陈芊芊人设带感哦~周宝贝丁禹兮变身韩演员上演双城沙雕蜜恋，拯救剧荒的小伙伴#陈芊芊回应传闻#L传闻中的陈芊芊官微的微博视频,,,,"汇剧V势力,陈芊芊回应传闻",0,0,0,2020-05-18 18:06,nova5Pro人像超级夜景,,"http://f.video.weibocdn.com/kfnNJjWylx07Dm7MpAak01041200oINX0E010.mp4?label=mp4_ld&template=640x360.25.0&trans_finger=40a32e8439c5409a63ccf853562a60ef&Expires=1589803014&ssig=niKMiE6CtW&KID=unistore,video",
4505994900940644,J2vXc3WHG,5539298096,zouyuxinlyf,露思的第三部穿越剧吧#传闻中的陈芊芊##陈芊芊回应传闻#,,,,"传闻中的陈芊芊,陈芊芊回应传闻",0,0,0,2020-05-18 18:06,OPPO Reno Z,,,
4505994547715424,J2vWCwn8k,6883048812,m去冰三分甜,#陈芊芊回应传闻#今晚有的看了哈哈哈,,,,陈芊芊回应传闻,0,0,0,2020-05-18 18:04,HUAWEI P30,,,
4505994204437974,J2vW4iCwe,5137032553,娱乐权,袁成杰和陈芊芊议论婆婆，说婆婆好面子，很难去家里拍摄#传闻中的陈芊芊##陈芊芊回应传闻#L娱乐权的微博视频,,,,"传闻中的陈芊芊,陈芊芊回应传闻",0,0,0,2020-05-18 18:03,微博云剪,,"http://f.video.weibocdn.com/D2GaKXxvlx07DmRi8y3e01041200nWSB0E010.mp4?label=mp4_ld&template=640x360.25.0&trans_finger=40a32e8439c5409a63ccf853562a60ef&Expires=1589803121&ssig=nn4qobab7O&KID=unistore,video",
4505993205682720,J2vUsnQkM,3169315572,金刚幂,#陈芊芊回应传闻#芒果台那个我亲爱的女人们里面是不是也叫陈芊芊？,,,,陈芊芊回应传闻,0,1,1,2020-05-18 17:59,蜂圈cp超话,,,
4505993008521047,J2vU8zKIf,3677728914,Viola莫离殇,#陈芊芊回应传闻#这部剧真的营销蛮多的，我的dy经常刷到，虽然不知道和我关注了露思有没有关系,,,,陈芊芊回应传闻,0,1,0,2020-05-18 17:58,Android,,,
4505992664229411,J2vTAhKgj,7391866039,娱乐昱,我最爱的女人们袁成杰妻子陈芊芊去买菜，施展省钱秘笈#传闻中的陈芊芊##陈芊芊回应传闻#L娱乐昱的微博视频,,,,"传闻中的陈芊芊,陈芊芊回应传闻",0,0,0,2020-05-18 17:57,微博云剪,,"http://f.video.weibocdn.com/TqRATCNllx07DmQS5fpe01041200xRYX0E010.mp4?label=mp4_ld&template=640x360.25.0&trans_finger=40a32e8439c5409a63ccf853562a60ef&Expires=1589803121&ssig=w78%2B2SAvi1&KID=unistore,video",
4505991654295619,J2vRXi1ub,3615123597,Pika皮卡丘你在哪,#陈芊芊回应传闻#？？点开使我困惑，我还以为我漏瓜了,,,,陈芊芊回应传闻,0,0,1,2020-05-18 17:53,地库里的红薯后援会超话,,,
4505991619724580,J2vRTENO4,2995822130,我是一只快乐的小仙鱼,#陈芊芊回应传闻#赵露思的电视剧不知道是剧本原因还是她自身的原因都透露出一股沙雕搞笑风加入追剧单了！！！！,,,,陈芊芊回应传闻,0,1,3,2020-05-18 17:53,前置双摄vivo X9s,,,
4505991045455937,J2vQYmTkZ,7392224348,娱乐诞,传闻中的陈芊芊韩烁和芊芊成亲，芊芊露出真面目，韩烁当场傻眼#传闻中的陈芊芊##陈芊芊回应传闻#L娱乐诞的微博视频,,,,"传闻中的陈芊芊,陈芊芊回应传闻",0,0,0,2020-05-18 17:50,微博云剪,,"http://f.video.weibocdn.com/VgV6TR4glx07DmQqHnTa01041200chhx0E010.mp4?label=mp4_ld&template=640x360.25.0&trans_finger=40a32e8439c5409a63ccf853562a60ef&Expires=1589803121&ssig=A7KdM2dZwS&KID=unistore,video",
4505990596508367,J2vQfrj7F,7386944894,娱乐玫,陈芊芊爆料婆婆狂给女儿喂饭超有成就感，婆婆听完立马生气了#传闻中的陈芊芊##陈芊芊回应传闻#L娱乐玫的微博视频,,,,"传闻中的陈芊芊,陈芊芊回应传闻",0,0,0,2020-05-18 17:48,微博云剪,,"http://f.video.weibocdn.com/nHeTvSJblx07DmQj7fQQ010412009yyP0E010.mp4?label=mp4_ld&template=640x360.25.0&trans_finger=40a32e8439c5409a63ccf853562a60ef&Expires=1589803121&ssig=JM3PQamv5f&KID=unistore,video",
4505990193504604,J2vPBeHHS,7370771673,搞笑嫣,大变样！蔡少芬学陈芊芊扭来扭去撒娇，这一招直接让张晋快疯掉_#传闻中的陈芊芊##陈芊芊回应传闻#L搞笑嫣的微博视频,,,,"传闻中的陈芊芊,陈芊芊回应传闻",0,0,0,2020-05-18 17:47,微博云剪,,"http://f.video.weibocdn.com/bs7rZWUhlx07DmQclFcQ01041200751m0E010.mp4?label=mp4_ld&template=360x640.24.0&trans_finger=81b11b8c5ffb62d33ceb3244bdd17e7b&Expires=1589803121&ssig=%2BrzSQWpFHf&KID=unistore,video",
4505988726971511,J2vNetfBJ,6586799250,lh祝高楼,#陈芊芊回应传闻#真的很期待了，喜欢这种不走寻常路的爱情沙雕剧,,,,陈芊芊回应传闻,0,0,1,2020-05-18 17:41,华为手机 畅享玩不停,,,
4505988545270161,J2vMWm70B,1047634752,也太会玩了,#传闻中的陈芊芊#发布超带感终极预告！！！！看了预告瞬间爽到了，陈芊芊人设带感到飞起，我想立马魂穿她，体验一把她的高光人生！！！比起三千鸦杀里，赵露思瘦了太多了8！我慕了！！！这次她饰演的三公主造型简直长在我的审美点上，再看了预告以后，陈芊芊的鬼马精灵的性格我更爱了#陈芊芊回应传闻#赵露思这次搭档丁禹兮，讲述鬼马郡主陈芊芊与病弱腹黑韩少君的爱情故事，有女强男弱内味了！！！！今晚首播追起来！！！#那些治愈的笑话#,,,,"传闻中的陈芊芊,陈芊芊回应传闻,那些治愈的笑话",0,0,2,2020-05-18 17:40,微博 weibo.com,"['http://ww3.sinaimg.cn/large/0076Foxily1gewfko57utj312i0zq45o.jpg', 'http://ww1.sinaimg.cn/large/0076Foxily1gewfknk4anj310538b4qp.jpg', 'http://ww2.sinaimg.cn/large/0076Foxily1geweekjj6hj30mi0u4k9h.jpg', 'http://ww4.sinaimg.cn/large/0076Foxily1geweekx22fj30n215yh8e.jpg', 'http://ww4.sinaimg.cn/large/0076Foxily1geweel7so3j30mv158kew.jpg', 'http://ww1.sinaimg.cn/large/0076Foxily1geweellodbj30me0wvwxb.jpg', 'http://ww2.sinaimg.cn/large/0076Foxily1geweelvaafj30ne13x7sj.jpg', 'http://ww3.sinaimg.cn/large/0076Foxily1geweemf588j30mg1m77wh.jpg', 'http://ww3.sinaimg.cn/large/0076Foxily1geweemv0pwj30lq1yie81.jpg']",,
4505988486657379,J2vMQrVT5,5437535268,lingling零啊,#陈芊芊回应传闻#可惜了要vip，我不能马上看到,,,,陈芊芊回应传闻,0,0,0,2020-05-18 17:40,HUAWEI P30,,,
4505988261419438,J2vMu5Xga,5747153332,娱乐旭,我最爱的女人们杨烁张伦硕复仇者联盟辩论，陈芊芊完败！#传闻中的陈芊芊##陈芊芊回应传闻#L娱乐旭的微博视频,,,,"传闻中的陈芊芊,陈芊芊回应传闻",0,0,0,2020-05-18 17:39,微博云剪,,"http://f.video.weibocdn.com/Api9ZReHlx07DmPFDpvq0104120096Jl0E010.mp4?label=mp4_ld&template=560x360.25.0&trans_finger=40a32e8439c5409a63ccf853562a60ef&Expires=1589803121&ssig=DVuHGaYL6d&KID=unistore,video",
4505987224028323,J2vKOgTWX,5747153332,娱乐旭,老公与你吵架怎么办学学陈芊芊的总结，怼的他瞬间说不出来话#传闻中的陈芊芊##陈芊芊回应传闻#L娱乐旭的微博视频,,,,"传闻中的陈芊芊,陈芊芊回应传闻",0,0,1,2020-05-18 17:35,微博云剪,,"http://f.video.weibocdn.com/TH21C1XZlx07DmPo6OOc010412007wA60E010.mp4?label=mp4_ld&template=640x360.25.0&trans_finger=40a32e8439c5409a63ccf853562a60ef&Expires=1589803121&ssig=dB42vPBCth&KID=unistore,video",
4505987015074346,J2vKtli4i,2816538005,Angela依雯,"#传闻中的陈芊芊##陈芊芊回应传闻#终于要播了，小板凳已备好O
今晚8点，腾讯视频见[笑哈哈]",,,,"传闻中的陈芊芊,陈芊芊回应传闻",0,24,4,2020-05-18 17:34,🐒iPhone 8 Plus（金色）,"['http://ww3.sinaimg.cn/large/a7e0f595gy1gewqk02xpyj21hm0u0dqv.jpg', 'http://ww3.sinaimg.cn/large/a7e0f595gy1gewqk10istj21900u0n5m.jpg', 'http://ww2.sinaimg.cn/large/a7e0f595gy1gewqk1vdi1j21cs0u0k0y.jpg', 'http://ww3.sinaimg.cn/large/a7e0f595gy1gewqklnvgbj21ah0u07e6.jpg', 'http://ww2.sinaimg.cn/large/a7e0f595gy1gewqk37y4hj20gm0m10vz.jpg', 'http://ww3.sinaimg.cn/large/a7e0f595gy1gewqk2ms6zj21c00u0ahs.jpg']",,
4505985819867012,J2vIxFoRm,2845010344,嗳你IDO,#陈芊芊回应传闻#不认识,,,,陈芊芊回应传闻,0,0,0,2020-05-18 17:29,iPhone XS Max(深空灰),,,
4505985709945753,J2vImFJln,5305622825,揉进晚风里OO,#陈芊芊回应传闻#看到自己的名字吓了一跳，没想到是个电视剧女主的名字,,,,陈芊芊回应传闻,0,1,8,2020-05-18 17:29,iPhone客户端,,,
4505985429062846,J2vHUC1EW,7392589363,娱乐龄,嗨唱转起来原唱演唱古风热歌芒种，嗨翻全场#传闻中的陈芊芊##陈芊芊回应传闻#L娱乐龄的微博视频,,,,"传闻中的陈芊芊,陈芊芊回应传闻",0,0,0,2020-05-18 17:28,微博云剪,,"http://f.video.weibocdn.com/UKZBbISKlx07DmOTO89y01041200dWIr0E010.mp4?label=mp4_ld&template=640x360.25.0&trans_finger=40a32e8439c5409a63ccf853562a60ef&Expires=1589803121&ssig=aQgS3P13Jz&KID=unistore,video",
4505984896722042,J2vH3scI2,5729351175,张颂然,#陈芊芊回应传闻#我,,,,陈芊芊回应传闻,0,1,4,2020-05-18 17:26,喜欢exo的Android,['http://ww2.sinaimg.cn/large/006fJLXVgy1gewqbu25wtj31ah0u0woc.jpg'],,
4505984360190291,J2vGc0Nvd,6639004704,可乐我爱百事的,#陈芊芊回应传闻#这个电视剧的热搜真的很像一个明星或素人来回应传闻,,,,陈芊芊回应传闻,0,4,3,2020-05-18 17:24,Android,,,
4505982543856773,J2vDggbk1,3478748384,娱乐廉,嗨唱转起来寸头男神李昃佑温柔演唱甜蜜情歌棉花糖，俘获众多#传闻中的陈芊芊##陈芊芊回应传闻#L娱乐廉的微博视频,,,,"传闻中的陈芊芊,陈芊芊回应传闻",0,0,1,2020-05-18 17:16,微博云剪,,"http://f.video.weibocdn.com/IJgmrg7Dlx07DmO6Pr4401041200rdT50E010.mp4?label=mp4_ld&template=640x360.25.0&trans_finger=40a32e8439c5409a63ccf853562a60ef&Expires=1589803233&ssig=nAJawbxZIa&KID=unistore,video",
4505981734417999,J2vBXixk3,3740771270,美妆圈代表,#女子买一吨洋葱送前任#看到陈芊芊回应传闻，想起了前男友送了我们以前在一起的所有相片，,,,,女子买一吨洋葱送前任,10,10,171,2020-05-18 17:13,iPhone X,"['http://ww2.sinaimg.cn/large/def7a3c6ly1gewpxfctzyj22c0340kjq.jpg', 'http://ww2.sinaimg.cn/large/def7a3c6ly1gewpxgi1hlj21400u07fw.jpg', 'http://ww3.sinaimg.cn/large/def7a3c6ly1gewpxh259bj21400u07eg.jpg', 'http://ww4.sinaimg.cn/large/def7a3c6ly1gewpxi0b57j22en1szx11.jpg']",,
4505981629925931,J2vBMFEbF,2609775750,娱乐建,张伦硕话里有话，杨烁火上浇油，陈芊芊什么意思啊#传闻中的陈芊芊##陈芊芊回应传闻#L娱乐建的微博视频,,,,"传闻中的陈芊芊,陈芊芊回应传闻",0,0,0,2020-05-18 17:13,微博云剪,,"http://f.video.weibocdn.com/tDPFfabdlx07DmNRoN9u01041200a1QN0E010.mp4?label=mp4_ld&template=640x360.25.0&trans_finger=40a32e8439c5409a63ccf853562a60ef&Expires=1589803233&ssig=Ek7z20Jo7Q&KID=unistore,video",
4505981582839973,J2vBIbUO1,6996984260,孟啊啊吖,#陈芊芊回应传闻#啊啊啊啊我来了我来了,,,,陈芊芊回应传闻,0,0,1,2020-05-18 17:13,vivo 全新水滴屏手机,,,
4505980681234323,J2vAg5b6r,5747153332,娱乐旭,全员模仿陈芊芊撒娇，一扭二贴三抖，这三招就是撒娇的精髓#传闻中的陈芊芊##陈芊芊回应传闻#L娱乐旭的微博视频,,,,"传闻中的陈芊芊,陈芊芊回应传闻",0,0,1,2020-05-18 17:09,微博云剪,,"http://f.video.weibocdn.com/xADpfOCklx07DmNBoPhK01041200dkge0E010.mp4?label=mp4_ld&template=640x360.25.0&trans_finger=40a32e8439c5409a63ccf853562a60ef&Expires=1589803233&ssig=tfTQVqn0Vs&KID=unistore,video",
4505980224332788,J2vzwib9G,5977959561,阿捻啵啵·3·,#陈芊芊回应传闻#？？点开使我困惑，我还以为我漏瓜了，原来是电视吗,,,,陈芊芊回应传闻,0,0,0,2020-05-18 17:07,地库里的红薯后援会超话,,,
4505979805464869,J2vyQmVF3,5239383968,朱哈哈Zhaha,#陈芊芊回应传闻#三千鸦杀还没看完呢,,,,陈芊芊回应传闻,0,0,2,2020-05-18 17:06,Android,,,
4505979709095074,J2vyGCa2K,2609775750,娱乐建,袁成杰得肠胃炎，陈芊芊还闹脾气，就连婆婆都看不过去了#传闻中的陈芊芊##陈芊芊回应传闻#L娱乐建的微博视频,,,,"传闻中的陈芊芊,陈芊芊回应传闻",0,0,0,2020-05-18 17:05,微博云剪,,"http://f.video.weibocdn.com/VcaCmUxplx07DmNkRGHm01041200a8sC0E010.mp4?label=mp4_ld&template=640x360.25.0&trans_finger=40a32e8439c5409a63ccf853562a60ef&Expires=1589803233&ssig=9ZXYUp%2FWPS&KID=unistore,video",
4505978312201918,J2vwr9eOO,6538582248,皮卡丘丘丘丘丘丘丘丘丘ys,#陈芊芊回应传闻#这个男主是韫色过浓的男主吧？？赵露思可算跟一个我有好感的男演员合作了,,,,陈芊芊回应传闻,0,0,2,2020-05-18 17:00,iPhone客户端,,,
4505976818311444,J2vu1ySby,5831397212,关于靜靜ovo,#陈芊芊回应传闻#腾讯vip已经充好了，等着看陈芊芊,,,,陈芊芊回应传闻,0,0,0,2020-05-18 16:54,HUAWEI P30,,,
4505976776982678,J2vtXtivQ,6142594047,搞笑段子大全两人对话,嗨唱转起来张靓颖再唱画心，这惊艳的海豚音太优秀啦！#传闻中的陈芊芊##陈芊芊回应传闻#L搞笑段子大全两人对话的微博视频,,,,"传闻中的陈芊芊,陈芊芊回应传闻",0,0,1,2020-05-18 16:54,微博云剪,,"http://f.video.weibocdn.com/BSA9rpoMlx07DmMxhdte01041200qZo40E010.mp4?label=mp4_ld&template=640x360.25.0&trans_finger=40a32e8439c5409a63ccf853562a60ef&Expires=1589803233&ssig=zS4Lzj7fUR&KID=unistore,video",
4505976508112385,J2vtwy2oV,7191447800,风月都好看__,#陈芊芊回应传闻#我就喜欢这种沙雕无厘头的网剧，看完真的很快乐，期待期待,,,,陈芊芊回应传闻,0,0,6,2020-05-18 16:52,vivo 全新水滴屏手机,['http://ww4.sinaimg.cn/large/007QGA5yly1gewpd613ttj30qy0hs75w.jpg'],,
4505975182965237,J2vrocrop,3199375260,晃醒梨汁,#陈芊芊回应传闻#我还以为是我最爱的女人们里的陈芊芊呢,,,,陈芊芊回应传闻,0,0,0,2020-05-18 16:47,iPhone客户端,,,
4505974910224837,J2vqX0Wup,7338154728,娱乐娴,#陈芊芊回应传闻#今晚@赵露思的微博新剧又开播啦，粉丝问“你到底背着我们拍了多少部戏？？”剧照和预告赵露思看起来比《三千鸦杀》时期瘦了不少，红衣骑马造型令人惊艳，期待赵露思瘦身成功的第一部剧《传闻中的陈芊芊》～#赵露思瘦了##那些治愈的笑话#,,,赵露思的微博新剧又开播啦,"陈芊芊回应传闻,赵露思瘦了,那些治愈的笑话",0,0,0,2020-05-18 16:46,微博 weibo.com,"['http://ww3.sinaimg.cn/large/005zonqQgy1gewh977dsgj31ah0u0tik.jpg', 'http://ww3.sinaimg.cn/large/005zonqQgy1gewh97ab6mj30u01a0amy.jpg', 'http://ww4.sinaimg.cn/large/005zonqQgy1gewh97bl7yj30u01a0ar1.jpg', 'http://ww1.sinaimg.cn/large/005zonqQgy1gewh97ee53j30yi0oeh0r.jpg', 'http://ww2.sinaimg.cn/large/005zonqQgy1gewh97841fj30yi0oeqhu.jpg', 'http://ww3.sinaimg.cn/large/005zonqQgy1gewh97884jj30yi0oe17w.jpg', 'http://ww1.sinaimg.cn/large/005zonqQgy1gewh97fuahj30yi0oe4bd.jpg', 'http://ww3.sinaimg.cn/large/005zonqQgy1gewh97jpgfj30yi0oe1db.jpg', 'http://ww4.sinaimg.cn/large/005zonqQgy1gewh97xdwfj30yi0oek90.jpg']",,
4505974817917396,J2vqNxdFW,7333007963,情感咨询师-缘来,#陈芊芊回应传闻#【挽回妻子】情商低，不会说话，夫妻感情差，老婆出现第三者。通过破冰和聊天方面的学习，打开彼此心结，第三者也断了。所以情商提升是必须的，现在不学习，以后迟早也会补课。,,,,陈芊芊回应传闻,0,0,0,2020-05-18 16:46,iPhone XS,"['http://ww2.sinaimg.cn/large/0080gylZgy1gewp648ooxj30k0168gqg.jpg', 'http://ww3.sinaimg.cn/large/0080gylZgy1gewp63o0sxj30k0168q8i.jpg', 'http://ww1.sinaimg.cn/large/0080gylZgy1gewp64y2srj30k0168gpc.jpg', 'http://ww4.sinaimg.cn/large/0080gylZgy1gewp661adcj30k01680z5.jpg']",,
4505974390291610,J2vq71dRo,5340146835,困意收割机,#陈芊芊回应传闻#我男朋友演的看起来啊！！,,,,陈芊芊回应传闻,0,0,1,2020-05-18 16:44,鲜虾鱼板面Android,,,
4505974016887764,J2vpvsTOY,2644804461,懒悠悠的啾一下,#陈芊芊回应传闻#还以为是啥呢以为又是那个不认识的明星过来吃瓜看图赵思露挺好看的不过这男的怎么感觉侧脸好怪现在的明星越来越不认识了,,,,陈芊芊回应传闻,0,0,1,2020-05-18 16:43,HUAWEI P40 Pro 5G,['http://ww4.sinaimg.cn/large/9da4836dgy1gewp2oek2dj20xc21cx3n.jpg'],,
4505973841034170,J2vpe4l2a,6993184931,只粉露思的熙熙呀,赵露思zls#陈芊芊回应传闻##赵露思瘦了#期待今晚的陈芊芊，赵姐是真的瘦了,,,,"陈芊芊回应传闻,赵露思瘦了",0,8,12,2020-05-18 16:42,赵露思超话,"['http://ww1.sinaimg.cn/large/007DgGRlly1gewp219iwuj31ah0u0qcw.jpg', 'http://ww1.sinaimg.cn/large/007DgGRlly1gewp220u1kj30u01474at.jpg', 'http://ww3.sinaimg.cn/large/007DgGRlly1gewp22ilazj30u013z4a0.jpg', 'http://ww1.sinaimg.cn/large/007DgGRlly1gewp232r02j30jt0tsdlo.jpg', 'http://ww3.sinaimg.cn/large/007DgGRlly1gewp23t6ygj31e01uowy3.jpg', 'http://ww2.sinaimg.cn/large/007DgGRlly1gewp24fv5qj31e01uowxp.jpg', 'http://ww3.sinaimg.cn/large/007DgGRlly1gewp24x9efj30qo0zkdkm.jpg']",,
4505973278514218,J2vojzIW6,5347026813,Alive阿来,#陈芊芊回应传闻#感觉像又（？一个沙雕小甜剧,,,,陈芊芊回应传闻,0,1,3,2020-05-18 16:40,她她的Android,,,
4505972594329813,J2vndianH,6275017023,低调的名字本名,#陈芊芊回应传闻#哈哈哈哈肯定是个沙雕甜剧必须看哈哈哈哈哈哈,,,,陈芊芊回应传闻,0,0,2,2020-05-18 16:37,金箔小玫瑰Android,,,
4505972577506835,J2vnbvuRZ,1766131121,妖精小咩,#陈芊芊回应传闻#此剧会火,,乌鲁木齐,,陈芊芊回应传闻,0,0,1,2020-05-18 16:37,vivo X23 AI非凡摄影,,,
4505972238640470,J2vmDAfMq,6102709503,娱戈,#陈芊芊回应传闻#《传闻中的芊芊》今晚开播了哟这部剧陈芊芊这是在搞事情嘛，这部由赵露思主演的沙雕甜剧不知道又要给我们带来怎么样的高能搞笑瞬间呢？听说这部剧是赵露思瘦身成功以后的第一部古装，值得期待了哟#娱乐影像力##显瘦#L娱戈的微博视频,,,,"陈芊芊回应传闻,娱乐影像力,显瘦",0,0,0,2020-05-18 16:36,影视剪辑 · 视频社区,,"http://f.video.weibocdn.com/003YlmDYgx07DmLiwSEn01041200g7PN0E010.mp4?label=mp4_ld&template=480x360.25.0&trans_finger=bdef57f06ae52835a2c783ca389e8517&Expires=1589803334&ssig=sNIYARTlA7&KID=unistore,video",
4505971743068851,J2vlQcSlB,3346448810,做个锦鲤糖,#陈芊芊回应传闻#期待周宝贝新剧啊！！！今天真的无缝衔接看完韫色过浓去腾讯看韩烁呀！！丁禹兮不愧是五月男友@丁禹兮,,,丁禹兮,陈芊芊回应传闻,0,0,3,2020-05-18 16:34,逢考必过的人,"['http://ww1.sinaimg.cn/large/c776c1aaly1gewosc49u3j21jk2bb4qq.jpg', 'http://ww1.sinaimg.cn/large/c776c1aaly1gewosp1652j21jk2bdb2a.jpg', 'http://ww1.sinaimg.cn/large/c776c1aaly1gewosqd0tbj20uq0t6ago.jpg', 'http://ww1.sinaimg.cn/large/c776c1aaly1gewost0kszj215l0r717n.jpg', 'http://ww2.sinaimg.cn/large/c776c1aaly1geworwnq5cj20u00u0qdf.jpg', 'http://ww2.sinaimg.cn/large/c776c1aaly1gewoszwze3j21jk113b29.jpg', 'http://ww2.sinaimg.cn/large/c776c1aaly1gewot6pjhej21jk1137wh.jpg', 'http://ww1.sinaimg.cn/large/c776c1aaly1gewotcqe3wj21jk2qs1kx.jpg', 'http://ww2.sinaimg.cn/large/c776c1aaly1gewotg8qiij216022owws.jpg']",,
4505970401316462,J2vjG5wtg,5211146818,小知阿,#陈芊芊回应传闻#那个…有没有人看看权沛伦啊…真的是个帅哥哇…@权沛伦,,,权沛伦,陈芊芊回应传闻,0,0,0,2020-05-18 16:28,iPhone客户端,,,
4505968375123890,J2vgpluXo,5544610743,六月份私有记·,#陈芊芊回应传闻#这热搜买的点进来想吃瓜的,,,,陈芊芊回应传闻,0,4,11,2020-05-18 16:20,李易峰的小胖蜂,,,
4505968366918135,J2vgot1IP,3119971362,千帆过尽0707,#陈芊芊回应传闻#啊啊啊，今晚开播，看甜甜的露丝！,,,,陈芊芊回应传闻,0,0,0,2020-05-18 16:20,真我X50 5G青年旗舰,,,
4505967583287470,J2vf8dNdI,6294427873,穗羽青岚,#陈芊芊回应传闻#我要看我要看我要看，当然了，不好看就弃哈哈，不委屈自己,,,,陈芊芊回应传闻,0,0,0,2020-05-18 16:17,,,,
4505967493926435,J2veZgtrB,5136940352,娱乐冷,袁成杰把陈芊芊弄哭了#传闻中的陈芊芊##陈芊芊回应传闻#L娱乐冷的微博视频,,,,"传闻中的陈芊芊,陈芊芊回应传闻",0,0,2,2020-05-18 16:17,微博云剪,,"http://f.video.weibocdn.com/qzce68wvlx07DmK0gz3q010412003uoC0E010.mp4?label=mp4_ld&template=360x640.24.0&trans_finger=81b11b8c5ffb62d33ceb3244bdd17e7b&Expires=1589803334&ssig=%2FUXIrrM1Qc&KID=unistore,video",
4505966970171579,J2ve90IDp,2236459197,搞笑畅,陈芊芊戏瘾发作，爆笑演绎第二组家庭中的妈妈和姥姥#传闻中的陈芊芊##陈芊芊回应传闻#L搞笑畅的微博视频,,,,"传闻中的陈芊芊,陈芊芊回应传闻",0,3,1,2020-05-18 16:15,微博云剪,,"http://f.video.weibocdn.com/X8qY0MKKlx07DmJRu9iM01041200359O0E010.mp4?label=mp4_ld&template=640x360.25.0&trans_finger=40a32e8439c5409a63ccf853562a60ef&Expires=1589803334&ssig=v9vCOVb7RK&KID=unistore,video",
4505966307043391,J2vd4tyj5,1751751355,Danoba_,#陈芊芊回应传闻#又可以追露思的新剧了！爆哭！这剧一定很好看！,,,,陈芊芊回应传闻,0,0,4,2020-05-18 16:12,荣耀10 AI变色更潮美,['http://ww1.sinaimg.cn/large/68699abbly1gewo6wfgs2j21cr1crb29.jpg'],,
4505965480986483,J2vbK48D1,5025508694,Loyan大人,#陈芊芊回应传闻#嘿嘿我老婆又有新剧了开心,,,,陈芊芊回应传闻,0,5,1,2020-05-18 16:09,iPhone XR,['http://ww4.sinaimg.cn/large/005u6wnQly1gewo3cntq9j30u01a0wvq.jpg'],,
4505965079168971,J2vb5CtgD,7012740744,娱乐圈扒闲王,#陈芊芊回应传闻#露思肉眼可见的瘦啦，漂亮妹妹的剧一定要支持今晚和我们芊芊公主不见不散哈~男主还是周宝贝，期待期待！L娱乐圈扒闲王的微博视频,,,,陈芊芊回应传闻,0,0,3,2020-05-18 16:07,,,"http://f.video.weibocdn.com/002XFXwzgx07DmJlpy1G010412001LOC0E010.mp4?label=mp4_ld&template=360x640.24.0&trans_finger=81b11b8c5ffb62d33ceb3244bdd17e7b&Expires=1589803334&ssig=CiRZ%2Bn5uBb&KID=unistore,video",
4505964693153507,J2vatden1,6381502343,吃瓜知天下,袁成杰妈妈开始跟陈芊芊明算账，陈芊芊秒怂，婆婆说什么都对#陈芊芊回应传闻#L吃瓜知天下的微博视频,,,,陈芊芊回应传闻,0,0,0,2020-05-18 16:06,360安全浏览器,,"http://f.video.weibocdn.com/004lRFPjgx07DmJeOAMn01041200hJNQ0E010.mp4?label=mp4_ld&template=640x360.25.0&trans_finger=40a32e8439c5409a63ccf853562a60ef&Expires=1589803334&ssig=Jm92qHldAu&KID=unistore,video",
4505964419977593,J2va1FRCV,1934423127,明月垂流光照谁,#陈芊芊回应传闻#三千鸦杀还没看完呢露思～就又有新剧了？,,,,陈芊芊回应传闻,0,0,0,2020-05-18 16:04,小米CC9,,,
4505963987951931,J2v9kxmEX,7170515119,川岛莎奈子,#陈芊芊回应传闻#救命！！！！这个我绝对要看！！！！赵露思太可爱了男主也挺帅的啧啧啧有点期待,,,,陈芊芊回应传闻,0,0,1,2020-05-18 16:03,,,,
4505963647768741,J2v8MwB0h,6354567171,没有即刻就开的花0409,#陈芊芊回应传闻#我们肉丝又有新剧上了，看起来呀！赵露思冲鸭！,,,,陈芊芊回应传闻,0,0,1,2020-05-18 16:01,HUAWEI Mate 10,"['http://ww1.sinaimg.cn/large/006W37cTgy1gewnvuy1snj31261l97wh.jpg', 'http://ww1.sinaimg.cn/large/006W37cTgy1gewnvws28mj319c1w0x6p.jpg', 'http://ww1.sinaimg.cn/large/006W37cTgy1gewnvylz3ej319c1w04qq.jpg', 'http://ww1.sinaimg.cn/large/006W37cTgy1gewnvzn39zj31f01w04qp.jpg']",,
4505963246087173,J2v88pxyd,1522888097,综艺那些事,#陈芊芊回应传闻##传闻中的陈芊芊#原本以为是个宫斗剧里活不过三分钟的炮灰，没想到却逆袭白富美，期待这对欢喜冤家撒糖L综艺那些事的微博视频,,,,"陈芊芊回应传闻,传闻中的陈芊芊",13,23,463,2020-05-18 16:00,nova5Pro人像超级夜景,,"http://f.video.weibocdn.com/000xYJnsgx07DmIQn8mI010412005nqZ0E010.mp4?label=mp4_ld&template=360x640.24.0&trans_finger=81b11b8c5ffb62d33ceb3244bdd17e7b&Expires=1589803334&ssig=TRn1WOKA1j&KID=unistore,video",
4505963191086536,J2v834yEM,7348046017,传闻中的陈芊芊官微,#传闻中的陈芊芊##陈芊芊回应传闻#韩烁为救芊芊，放弃可以治愈心疾的唯一机会，亲自喂龙骨汤。成交夫妇名场面，“喂药吻”超甜来袭！@赵露思的微博@丁禹兮,,,"赵露思的微博,丁禹兮","传闻中的陈芊芊,陈芊芊回应传闻",21,239,1475,2020-05-18 16:00,微博 weibo.com,"['http://ww1.sinaimg.cn/large/0081hErfly1gewf7zj5zcg30iq0bthdu.jpg', 'http://ww3.sinaimg.cn/large/0081hErfly1gewf83emo9g30k90bwhdw.jpg', 'http://ww1.sinaimg.cn/large/0081hErfly1gewf85nkbjg30kr0byhdw.jpg', 'http://ww2.sinaimg.cn/large/0081hErfly1gewf84yhhog30kl0c2b2d.jpg']",,
4505963132056661,J2v7X8D1X,6572018918,小粉兔子哎,#陈芊芊回应传闻#啊啊啊啊啊终于播了！赵露思的穿越剧太迷了我爱！,,,,陈芊芊回应传闻,0,0,0,2020-05-18 15:59,Redmi K30 全速热爱,,,
4505962977501895,J2v7HvtAj,1955113687,慕夏辰夕,#传闻中的陈芊芊#[米奇比心]#陈芊芊回应传闻#今晚在腾讯开播啦，太期待了，两位会擦出怎样的火花呢@赵露思的微博@丁禹兮,,,"赵露思的微博,丁禹兮","传闻中的陈芊芊,陈芊芊回应传闻",0,5,9,2020-05-18 15:59,iPhone客户端,"['http://ww1.sinaimg.cn/large/7488aad7ly1gewnt14xfdj20u01a0k1d.jpg', 'http://ww3.sinaimg.cn/large/7488aad7ly1gewnt1msyqj20u01a04b0.jpg', 'http://ww4.sinaimg.cn/large/7488aad7ly1gewnt1z7pej20u01a0n57.jpg', 'http://ww3.sinaimg.cn/large/7488aad7ly1gewnt2eeduj20u01a0k0x.jpg', 'http://ww1.sinaimg.cn/large/7488aad7ly1gewnt2z0smj20u01a0n82.jpg', 'http://ww3.sinaimg.cn/large/7488aad7ly1gewnt0n0lyj20u01a07i0.jpg']",,
4505962947934087,J2v7Exi19,1211862501,Linlin要快乐噢,#陈芊芊回应传闻#没点开之前我还以为袁成杰他家有啥事要陈芊芊出来回应呢，没想到是部电视剧啊,,,,陈芊芊回应传闻,0,2,0,2020-05-18 15:59,快乐养猫超话,,,
4505962395061298,J2v6LleFQ,6229365520,搞笑沧,我最爱的女人第一季陈芊芊把婆婆气哭，袁成杰手足无措#传闻中的陈芊芊##陈芊芊回应传闻#L搞笑沧的微博视频,,,,"传闻中的陈芊芊,陈芊芊回应传闻",0,2,1,2020-05-18 15:56,微博云剪,,"http://f.video.weibocdn.com/syNhji9Blx07DmIBWs9q01041200kLcI0E010.mp4?label=mp4_ld&template=640x360.25.0&trans_finger=40a32e8439c5409a63ccf853562a60ef&Expires=1589803432&ssig=pYwmkPmKIp&KID=unistore,video",
4505960020855679,J2v2W3ABh,6404078741,吃瓜追剧打豆豆,#传闻中的陈芊芊##陈芊芊回应传闻#终于来了啊！赵露思瘦了真的颜值绝美~还有丁禹兮的绝帅颜值两人搭档一定要看哦！期待今晚正片上线,,,,"传闻中的陈芊芊,陈芊芊回应传闻",21,55,122,2020-05-18 15:47,,"['http://ww3.sinaimg.cn/large/006ZoRqBgy1gewne32bkuj30u01a0amy.jpg', 'http://ww4.sinaimg.cn/large/006ZoRqBgy1gewndvcpucj30qo0w0gpa.jpg', 'http://ww4.sinaimg.cn/large/006ZoRqBgy1gewndvsyp3j30qn0whacr.jpg', 'http://ww4.sinaimg.cn/large/006ZoRqBgy1gewndwfmaqj30qo0wejv7.jpg', 'http://ww1.sinaimg.cn/large/006ZoRqBgy1gewnduvcrxj31ah0u0woc.jpg', 'http://ww2.sinaimg.cn/large/006ZoRqBgy1gewndwxwnvj30qo0wj425.jpg', 'http://ww4.sinaimg.cn/large/006ZoRqBgy1gewndyellhg30hs0a0b2c.jpg', 'http://ww4.sinaimg.cn/large/006ZoRqBgy1gewne0ktcdg30hs0a01kz.jpg', 'http://ww2.sinaimg.cn/large/006ZoRqBgy1gewne249rgg30hs0a0qv7.jpg']",,
4505958874732230,J2v15jR4i,7111004755,蛋挞要烫的,#陈芊芊回应传闻#剧粉来了,,,,陈芊芊回应传闻,0,0,0,2020-05-18 15:42,iPhone XR,,,
4505958858835126,J2v13B4q2,2427044310,YaKu_白菜,#陈芊芊回应传闻#这个看起来轻松搞笑，可以有,,,,陈芊芊回应传闻,0,0,1,2020-05-18 15:42,HUAWEI nova 2 Plus,,,
4505958032649765,J2uZJb7k9,2691758187,蔚大蔚,#陈芊芊回应传闻#露丝骑马那身装扮美到我的心尖尖上,,,,陈芊芊回应传闻,0,0,1,2020-05-18 15:39,飞行器iPhone 8 Plus（金色）,,,
4505957018077203,J2uY5xTft,6787408251,剧逗火羊宝,#陈芊芊回应传闻#妈耶我们家小露丝真的太努力了，剧是接连的上，永远不空档，来了，只要是甜剧就有我。。。。,,,,陈芊芊回应传闻,0,0,3,2020-05-18 15:35,小米CC9 Pro 一亿像素,,,
4505956333404427,J2uWZehE7,3976791460,零零小七月,#陈芊芊回应传闻##韫色过浓#期待已久的陈芊芊终于来了，赵露思红衣真的绝了，太美了，还有我们的周宝贝古装也是绝美，预告里的挑眉，假笑真的超杀我，韫色过浓今晚也有超前前点播啊姐妹们一起蹲吗，汁元晚上出。,,,,"陈芊芊回应传闻,韫色过浓",0,2,0,2020-05-18 15:32,OPPO R15 梦镜版,"['http://ww4.sinaimg.cn/large/ed0905a4ly1gewmx1sfvxj21ah0u0woc.jpg', 'http://ww2.sinaimg.cn/large/ed0905a4ly1gewmx23jb0j20u01a0na2.jpg', 'http://ww1.sinaimg.cn/large/ed0905a4ly1gewn1maz43j21jk1124h2.jpg']",,
4505953993806813,J2uTdfYkd,1243387123,陈芊芊Amelie,#陈芊芊回应传闻#哈哈哈～收到好多微信和留言，嗯…我要回应的就是…热搜不是我呀不是我（照片自己找重点吖）,,,,陈芊芊回应传闻,103,234,711,2020-05-18 15:23,,"['http://ww3.sinaimg.cn/large/4a1c94f3gy1gewmlcdtyjj21h02m87wo.jpg', 'http://ww1.sinaimg.cn/large/4a1c94f3gy1gewmlf4sixj21h02m8qva.jpg', 'http://ww4.sinaimg.cn/large/4a1c94f3gy1gewmrb8v9pj20v91r5e81.jpg']",,
4505953468797153,J2uSmAUxz,2656929645,胡婧婧,#陈芊芊回应传闻#真瓜撤热搜，假瓜来宣传,,北京,,陈芊芊回应传闻,0,0,1,2020-05-18 15:21,iPhone X,,,
4505952956621101,J2uRxrMrX,7386944894,娱乐玫,杨烁毫不给面子就得罪陈芊芊，陈芊芊立马和他争论起来！#传闻中的陈芊芊##陈芊芊回应传闻#L娱乐玫的微博视频,,,,"传闻中的陈芊芊,陈芊芊回应传闻",0,0,1,2020-05-18 15:19,微博云剪,,"http://f.video.weibocdn.com/Ay7NFIaJlx07DmG2io1i01041200yg7f0E010.mp4?label=mp4_ld&template=640x360.25.0&trans_finger=40a32e8439c5409a63ccf853562a60ef&Expires=1589803432&ssig=dyaBEwqjtm&KID=unistore,video",
4505952475166881,J2uQLlG8N,1518730072,相葉雅紀的夫人,#陈芊芊回应传闻#好像很好看的样子,,,,陈芊芊回应传闻,0,0,0,2020-05-18 15:17,iPhone客户端,,,
4505951862364911,J2uPM9VdJ,1279186970,蜜糖兔呦呦,#陈芊芊回应传闻#？？？？？？嗨这个热搜让我以为是袁成杰他老婆有什么传闻要出来回应一下,,,,陈芊芊回应传闻,0,4,1,2020-05-18 15:15,微博 weibo.com,,,
4505951602318351,J2uPm9J6L,5494679561,_uxxhidby,#陈芊芊回应传闻#腾讯终于打广告了！哭了,,,,陈芊芊回应传闻,0,0,1,2020-05-18 15:14,iPhone客户端,,,
4505951061369458,J2uOu5Kg2,7385757224,搞笑绮,陈芊芊眼睛毒，杨烁套路早已看透，杨烁你骂我#传闻中的陈芊芊##陈芊芊回应传闻#L搞笑绮的微博视频,,,,"传闻中的陈芊芊,陈芊芊回应传闻",0,0,0,2020-05-18 15:11,微博云剪,,"http://f.video.weibocdn.com/UoJ6dO1ylx07DmFweVvi01041200jxMU0E010.mp4?label=mp4_ld&template=640x360.25.0&trans_finger=40a32e8439c5409a63ccf853562a60ef&Expires=1589803432&ssig=PzznU6UCKW&KID=unistore,video",
4505950412062855,J2uNr8EDR,3001390861,顾霜就是小萌妹子超爱傲娇yuki,#陈芊芊回应传闻#周时韫我来了今晚看韫色过浓更新还是传闻中的陈芊芊，真的是纠结,,,,陈芊芊回应传闻,0,0,1,2020-05-18 15:09,,,,
4505950205446916,J2uN6mQZu,5891946290,小花_Young,#陈芊芊回应传闻#我以为袁成杰老婆有啥传闻需要出来澄清一下嘞,,,,陈芊芊回应传闻,0,4,7,2020-05-18 15:08,nova5Pro人像超级夜景,,,
4505949962703634,J2uMIbll0,1816205583,旺旺不想长大,#陈芊芊回应传闻#还以为有啥瓜吃哈哈哈哈哈哈这个标题,,,,陈芊芊回应传闻,0,0,3,2020-05-18 15:07,Android,,,
4505949756542882,J2uMnrs6m,6267451690,满杯香橙橙橙_,#陈芊芊回应传闻#看了预告，期待一下,,,,陈芊芊回应传闻,0,0,0,2020-05-18 15:06,vivo AI智慧拍照X21,,,
4505949177513128,J2uLrvwvu,6501777460,撑伞未开,赵露思zls#赵露思传闻中的陈芊芊#cqq#陈芊芊回应传闻#🔹陈芊芊×截修9p🔹禁二改|转载注出处@赵露思的微博,,,赵露思的微博,"赵露思传闻中的陈芊芊,陈芊芊回应传闻",2,30,87,2020-05-18 15:04,赵露思超话,"['http://ww2.sinaimg.cn/large/00760Nkoly1gewm7iev0qj30u0190486.jpg', 'http://ww4.sinaimg.cn/large/00760Nkoly1gewm7itpi4j30u00eon06.jpg', 'http://ww2.sinaimg.cn/large/00760Nkoly1gewm7j0e1sj30u00evtbp.jpg', 'http://ww4.sinaimg.cn/large/00760Nkoly1gewm7incdoj30u00epacy.jpg', 'http://ww1.sinaimg.cn/large/00760Nkoly1gewm7j9iwfj30u00u0451.jpg', 'http://ww3.sinaimg.cn/large/00760Nkoly1gewm7jnk1oj30u011hq9b.jpg', 'http://ww4.sinaimg.cn/large/00760Nkoly1gewm7k83t0j316e1rl7d1.jpg', 'http://ww1.sinaimg.cn/large/00760Nkoly1gewm7lacaxj316e0kjdjw.jpg', 'http://ww1.sinaimg.cn/large/00760Nkoly1gewm7jy1ioj30qb0bu76t.jpg']",,
4505945650080679,J2uFL0kZh,6972951583,欧气rabbit,#陈芊芊回应传闻#等会儿，周时韫你怎么穿越了，哈哈走错片场,,,,陈芊芊回应传闻,0,0,5,2020-05-18 14:50,HUAWEI P10,,,
4505945633807615,J2uFJfYx9,1886494563,百度视频,#小度追剧##传闻中的陈芊芊#今晚开播！霸道公主陈芊芊#赵露思#当街抢亲，娇俏少君#丁禹兮#含泪入府，被亲亲抱抱不算，公主还公然要求快进？？#陈芊芊回应传闻#免费看高清热剧电影，上百度视频APP，各大手机应用商店均可下载（下载APP>O网页链接）L百度视频的微博视频,,,,"小度追剧,传闻中的陈芊芊,赵露思,丁禹兮,陈芊芊回应传闻",0,0,4,2020-05-18 14:50,国产剧集 · 视频社区,,"http://f.video.weibocdn.com/QtHd6AAilx07DmE2nvLa01041200neeg0E010.mp4?label=mp4_ld&template=640x360.25.0&trans_finger=bdef57f06ae52835a2c783ca389e8517&Expires=1589803545&ssig=hdtLsc5YPv&KID=unistore,video",
4505943935360205,J2uCZmuqV,5840313899,兔兔不c窝边草,#陈芊芊回应传闻#韫色过浓还没看完，看到这个觉得男主穿越出轨了,,,,陈芊芊回应传闻,0,0,10,2020-05-18 14:43,荣耀Note10 大屏旗舰,,,
4505943466272209,J2uCeqjGF,7348046017,传闻中的陈芊芊官微,#传闻中的陈芊芊#小闻为你带来一线报道，传闻中的三公主竟然是“混世魔王”？O今晚20点，来@腾讯视频看#陈芊芊回应传闻#，更多皇家八卦等待你L《陈芊芊》1818黄金眼：女子当街抢亲，新郎都惊呆了,,,,"传闻中的陈芊芊,陈芊芊回应传闻",217,275,1409,2020-05-18 14:41,说书先生Android,,http://type=feedvideo&objectid=2003338005:4505943463886865&keys=4505943470506227&cover_img=//puui.qpic.cn/qqvideo_ori/0/u0034r8mekc_496_280/0&card_height=280&card_width=496&play_count=189325&short_url=http://t.cn/A62PjrZC&encode_mode=&bitrate=277&biz_id=231268&current_mid=0&key=tblog_card&title=《陈芊芊》1818黄金眼：女子当街抢亲，新郎都惊呆了&full_url=//m.v.qq.com/play.html?vid=u0034r8mekc&ptag=887&object_id=2003338005:4505943463886865&video_src=https://multimedia.api.weibo.com/2/multimedia/redirect_tencent_video.json?vid=u0034r8mekc,
4505943046763987,J2uBysnCz,3026540814,韶华易逝qvn41nn4zs,#陈芊芊回应传闻#@丁禹兮今晚我是看周宝贝还是少城主呢,,,丁禹兮,陈芊芊回应传闻,0,0,2,2020-05-18 14:40,nova5Pro人像超级夜景,,,
4505941225430871,J2uyCmMOH,6991424670,暴瘦中_,#陈芊芊回应传闻#我的腾讯会员终于可以用起来了,,,,陈芊芊回应传闻,0,1,0,2020-05-18 14:32,Android,,,
4505940001614513,J2uwE6M0x,6478634845,抹茶屁,#陈芊芊回应传闻#啊啊啊竟然是今天！！！期待好久了哈哈哈,,,,陈芊芊回应传闻,0,0,0,2020-05-18 14:27,Android,,,
4505939980585521,J2uwC2sjT,1651430985,南海客人,#陈芊芊回应传闻#今晚来看看。。。,,,,陈芊芊回应传闻,0,0,0,2020-05-18 14:27,小米8周年旗舰手机,,,
4505937517695155,J2usDwhRp,6293992100,废话李李李,#陈芊芊回应传闻#同时是两个剧的男主，总给我一种脚踏两只船的感觉,,,,陈芊芊回应传闻,0,1,2,2020-05-18 14:18,HUAWEI Mate 9,,,
4505937509523869,J2usCDXAN,5513257131,Yichion,#陈芊芊回应传闻#丁禹兮演的韩烁好可爱,,,,陈芊芊回应传闻,0,0,2,2020-05-18 14:18,HUAWEI Mate 10,,,
4505936825514722,J2urwn8D8,1095230367,双鱼座Katrina,#陈芊芊回应传闻#赵露思这是又有新剧上了，看着瘦了。,,,,陈芊芊回应传闻,0,0,3,2020-05-18 14:15,青春不散场，我们在一起超话,,,
4505934293191370,J2unrdodI,6591613861,_蒸饺子呀_,"赵露思||#赵露思瘦了##陈芊芊回应传闻#O

今晚8点，守着手机等待芊芊公主👑期待我们露思这次精彩的表现🎉🎉天知道我等这部剧等多久🙈//@赵露思的微博",,,赵露思的微博,"赵露思瘦了,陈芊芊回应传闻",0,14,14,2020-05-18 14:05,赵露思超话,"['http://ww1.sinaimg.cn/large/007c5JSBgy1gewkhub10bg30go0gonpd.jpg', 'http://ww2.sinaimg.cn/large/007c5JSBgy1gewkhfctnvj30u10u0te9.jpg', 'http://ww4.sinaimg.cn/large/007c5JSBgy1gewkhkxnibj30u30u0q5o.jpg', 'http://ww4.sinaimg.cn/large/007c5JSBgy1gewkhiahf3j30u00u0449.jpg', 'http://ww3.sinaimg.cn/large/007c5JSBgy1gewkh92tlbj30u01a012v.jpg', 'http://ww2.sinaimg.cn/large/007c5JSBgy1gewkhgps9jj30o00o0djf.jpg', 'http://ww2.sinaimg.cn/large/007c5JSBgy1gewkhmd4uwj30u00u0goj.jpg', 'http://ww1.sinaimg.cn/large/007c5JSBgy1gewkhdbws7g30c90c77kl.jpg', 'http://ww2.sinaimg.cn/large/007c5JSBgy1gewki5s588g30go0gox6q.jpg']",,
4505932991752472,J2ull7lTG,7348046017,传闻中的陈芊芊官微,#传闻中的陈芊芊##陈芊芊回应传闻#【传闻第一线】一觉醒来美男环绕，小千满脸茫然还被称呼为“三公主”，原来竟是卡在了自己写的剧本里！编剧陈芊芊剧本杀开始啦～@赵露思的微博L《传闻中的陈芊芊》第1集精彩预告片陈小千意外卡进剧本,,,赵露思的微博,"传闻中的陈芊芊,陈芊芊回应传闻",48,159,1292,2020-05-18 14:00,微博 weibo.com,,http://type=feedvideo&objectid=2003338005:4505906759794696&keys=4505906766151827&cover_img=//puui.qpic.cn/qqvideo_ori/0/d0034rvsl2f_496_280/0&card_height=280&card_width=496&play_count=50666&short_url=http://t.cn/A62P02p8&encode_mode=&bitrate=277&biz_id=231268&current_mid=0&key=tblog_card&title=《传闻中的陈芊芊》第1集精彩预告片 陈小千意外卡进剧本&full_url=//m.v.qq.com/play.html?vid=d0034rvsl2f&ptag=887&object_id=2003338005:4505906759794696&video_src=https://multimedia.api.weibo.com/2/multimedia/redirect_tencent_video.json?vid=d0034rvsl2f,
4505932988265073,J2ulkyG7D,7244425032,打火机与公主裙10509,#赵露思瘦了##陈芊芊回应传闻#看过很多她的作品，演技非常赞呢！新剧也开始了，造型好惊艳呢，发现她现在特别瘦，越来越好看了呢！,,,,"赵露思瘦了,陈芊芊回应传闻",0,0,3,2020-05-18 14:00,iPhone客户端,"['http://ww1.sinaimg.cn/large/007UgRT2ly1gewkbj8naej30eu0m8gmm.jpg', 'http://ww2.sinaimg.cn/large/007UgRT2ly1gewkbjfathj30eu0m8myg.jpg', 'http://ww1.sinaimg.cn/large/007UgRT2ly1gewkbjq98mj31ah0u012y.jpg', 'http://ww2.sinaimg.cn/large/007UgRT2ly1gewkbk1pm4j30m80fpwfp.jpg', 'http://ww2.sinaimg.cn/large/007UgRT2ly1gewkbk6ccuj30m80fpmy7.jpg', 'http://ww4.sinaimg.cn/large/007UgRT2ly1gewkbkdp16j30m80fpwfx.jpg']",,
4505932928652707,J2uleAiXN,6484520087,你圈酵母,#陈芊芊回应传闻#陈芊芊大胆回应近期传闻，也希望媒体多关注作品少把注意力放在我们陈姐的传闻上期待新剧《传闻中的陈芊芊》陈姐在本剧中饰演赵露思@赵露思的微博,,,赵露思的微博,陈芊芊回应传闻,0,2,6,2020-05-18 13:59,,,,
4505931885653778,J2ujynINY,7264576457,我是嘉嘉呀,#赵露思瘦了##陈芊芊回应传闻#赵露思真的瘦了好多呀，以前还是圆嘟嘟的脸蛋，现在下巴好明显呢！瘦了以后是真的好看呢！我羡慕了，我也要变瘦！,,,,"赵露思瘦了,陈芊芊回应传闻",0,0,0,2020-05-18 13:55,iPhone客户端,"['http://ww1.sinaimg.cn/large/007VDqc1ly1gewk8njsvuj30m80fpwfx.jpg', 'http://ww2.sinaimg.cn/large/007VDqc1ly1gewk8ns4eqj30eh0m8wgo.jpg', 'http://ww2.sinaimg.cn/large/007VDqc1ly1gewk7lr0zhj30eh0m80um.jpg']",,
4505931147458351,J2uimvifZ,5974276170,一只红薯精呀,#陈芊芊回应传闻#期待期待穿书题材,,,,陈芊芊回应传闻,0,0,0,2020-05-18 13:52,荣耀7X 全面屏手机,,,
4505931100298810,J2uii1fJw,6501777460,撑伞未开,赵露思zls#陈芊芊回应传闻#cqq#赵露思传闻中的陈芊芊#今晚与三公主陈芊芊不见不散@赵露思的微博,,,赵露思的微博,"陈芊芊回应传闻,赵露思传闻中的陈芊芊",0,10,16,2020-05-18 13:52,赵露思超话,"['http://ww2.sinaimg.cn/large/00760Nkoly1gewk5d2icmg30dc0a04qq.jpg', 'http://ww1.sinaimg.cn/large/00760Nkoly1gewk5dleivg30dc0a0qv5.jpg', 'http://ww4.sinaimg.cn/large/00760Nkoly1gewk5eamwgg30dc0a0x6p.jpg', 'http://ww3.sinaimg.cn/large/00760Nkoly1gewk5elj8ng30dc0a07vr.jpg']",,
4505930962298300,J2ui49DTm,7240077991,jia902,#赵露思瘦了##陈芊芊回应传闻#没错，露思就是瘦了吖，看着是不是更好看了啊！大家快来看这个漂亮姑凉的新剧啊，保证让你超级欢乐啊！,,,,"赵露思瘦了,陈芊芊回应传闻",0,0,1,2020-05-18 13:52,荣耀V20 4800万3D相机,"['http://ww2.sinaimg.cn/large/007TYD1tly1gewk4nrdzoj30eh0m8tag.jpg', 'http://ww4.sinaimg.cn/large/007TYD1tly1gewk4o2or3j30eh0m80ur.jpg', 'http://ww1.sinaimg.cn/large/007TYD1tly1gewk4o9zofj30m80fp0tx.jpg']",,
4505929196256195,J2ufdqfwn,7267838660,愿意每天都好好的,#赵露思瘦了##陈芊芊回应传闻#其实以前肉丝也是很瘦的吖，她就是脸蛋是那种圆脸，肉肉的，所以我们看着她好像是很胖。现在脸很明显看出来没有多少肉了啊,,,,"赵露思瘦了,陈芊芊回应传闻",0,0,1,2020-05-18 13:44,,"['http://ww2.sinaimg.cn/large/007VR6Qcly1gewjtgqmudj30m80fpaax.jpg', 'http://ww1.sinaimg.cn/large/007VR6Qcly1gewjtgycnmj30m80fpgmk.jpg', 'http://ww2.sinaimg.cn/large/007VR6Qcly1gewjth74ugj30m80fpmy6.jpg']",,
4505927963769897,J2udefOIN,7270842805,你想挨打吗来找我啊,#赵露思瘦了##陈芊芊回应传闻#露思小姐姐现在很好看啊，以前是那种邻家女孩的感觉，现在瘦下来了很仙呢！很是期待这个漂亮MM的新剧啊，我想一定很好看呢！,,,,"赵露思瘦了,陈芊芊回应传闻",0,0,2,2020-05-18 13:40,荣耀V20 4800万3D相机,"['http://ww3.sinaimg.cn/large/007W3Im9ly1gewjsbrtphj30m80fpaax.jpg', 'http://ww2.sinaimg.cn/large/007W3Im9ly1gewjsbxp5ej30m80fpgmk.jpg', 'http://ww2.sinaimg.cn/large/007W3Im9ly1gewjsc2fygj30m80fpmy6.jpg', 'http://ww2.sinaimg.cn/large/007W3Im9ly1gewjsc9rynj30eh0m80ur.jpg']",,
4505926399010491,J2uaHBO2v,7307446147,巴依亚蓝,#赵露思瘦了##陈芊芊回应传闻#肉丝看着真是瘦了好多啊，脸蛋不是那种肉嘟嘟的呢！不过还是很好看啊，期待我们肉丝的新剧，大家都要看起来哟！,,,,"赵露思瘦了,陈芊芊回应传闻",0,0,2,2020-05-18 13:33,,"['http://ww2.sinaimg.cn/large/007YxiyDly1gewjlyjt0bj30m80fp0tk.jpg', 'http://ww4.sinaimg.cn/large/007YxiyDly1gewjlypmn3j30m80fp0tx.jpg', 'http://ww4.sinaimg.cn/large/007YxiyDly1gewjlyx4bpj30m80fpaax.jpg']",,
4505926390604518,J2uaH2xgi,6591613861,_蒸饺子呀_,#陈芊芊回应传闻##赵露思瘦了#对！！我们露思是瘦了！！那还不快来康康这部甜宠剧《传闻中的陈芊芊》露思在里面饰演芊芊郡主大家拭目以待吧！！就在今晚@腾讯视频成交夫妇cp大旗举起来🍊🍌cp冲呀！！！@赵露思的微博,,,"腾讯视频,赵露思的微博","陈芊芊回应传闻,赵露思瘦了",0,0,2,2020-05-18 13:33,Android客户端,"['http://ww4.sinaimg.cn/large/007c5JSBgy1gewjlhgwguj31ah0u0qag.jpg', 'http://ww1.sinaimg.cn/large/007c5JSBgy1gewjliwudhj30u00iawhr.jpg', 'http://ww3.sinaimg.cn/large/007c5JSBgy1gewjlkmrvmj31400oddlk.jpg', 'http://ww1.sinaimg.cn/large/007c5JSBgy1gewjllwgt4j30o00o0goy.jpg', 'http://ww4.sinaimg.cn/large/007c5JSBgy1gewjlnxnbjj30u01a012v.jpg', 'http://ww4.sinaimg.cn/large/007c5JSBgy1gewjlp9s8bj30u10u0te9.jpg', 'http://ww2.sinaimg.cn/large/007c5JSBgy1gewjlre2f7j31g60u011l.jpg', 'http://ww1.sinaimg.cn/large/007c5JSBgy1gewjltdz0pj30u01a0k4q.jpg', 'http://ww1.sinaimg.cn/large/007c5JSBgy1gewjlwko51j30tz0u0n2l.jpg']",,
4505925949955529,J2u9YFLT3,5062186968,橙子是chengzi不是橘子,#传闻中的陈芊芊##陈芊芊回应传闻#我滴妈呀我太喜欢肉丝这身装扮了又A又欲陈芊芊肉丝身材是我人生理想期待O今晚8点开播！！！橙粉们注意📣📣📣橙子资源群今后同步更新啊赶紧去拉集美进群,,,,"传闻中的陈芊芊,陈芊芊回应传闻",0,4,3,2020-05-18 13:32,iPhone XS Max,"['http://ww1.sinaimg.cn/large/005wAq4Uly1gewjhqii2tj30u01aj7hv.jpg', 'http://ww1.sinaimg.cn/large/005wAq4Uly1gewjhquuppj30u01eln77.jpg']",,
4505924193192815,J2u79doB1,5261506782,oo白颜_,丁禹兮🍌#丁禹兮传闻中的陈芊芊#🌿#陈芊芊回应传闻#/传闻中的陈芊芊👉O今晚8点锁定腾讯视频看可爱帅气腹黑的少城主韩烁鸭～@丁禹兮,,,丁禹兮,"丁禹兮传闻中的陈芊芊,陈芊芊回应传闻",0,6,9,2020-05-18 13:25,丁禹兮超话,['http://ww3.sinaimg.cn/large/005K4KgCgy1gewjafc6xsj30wh0whqeh.jpg'],,
4505923864829375,J2u6Ckgl9,3313914165,菌姑,#陈芊芊回应传闻#我好喜欢赵露思这个红衣片段，感觉好好看L菌姑的微博视频,,,,陈芊芊回应传闻,0,0,2,2020-05-18 13:23,Android客户端,,"http://f.video.weibocdn.com/ovg2kVOhlx07Dmy65l7G010412006CDK0E010.mp4?label=mp4_ld&template=360x640.24.0&trans_finger=81b11b8c5ffb62d33ceb3244bdd17e7b&Expires=1589803643&ssig=9CY9l0cxfL&KID=unistore,video",
4505923353631404,J2u5NfeH2,6805417211,行运超人冲冲冲,#陈芊芊回应传闻#期待！肉丝在这里造型好看，还瘦,,,,陈芊芊回应传闻,0,0,1,2020-05-18 13:21,nova6 5G自拍大不一样,,,
4505922900206614,J2u540RKu,5729835465,追剧的中年少女,✰𝙏𝙝𝙚𝙍𝙤𝙢𝙖𝙣𝙘𝙚𝙤𝙛𝙏𝙞𝙜𝙚𝙧𝙖𝙣𝙙𝙍𝙤𝙨𝙚✰#传闻中的陈芊芊#｜赵露思丁禹兮#陈芊芊回应传闻#这设定也太有看点了！！陈芊芊跟少主的互动这也太甜了！！！追起来！！！L追剧的中年少女的微博视频,,,,"传闻中的陈芊芊,陈芊芊回应传闻",0,0,3,2020-05-18 13:19,丁禹兮超话,,"http://f.video.weibocdn.com/000B9psBgx07DmxPIyLt01041200o8YK0E010.mp4?label=mp4_ld&template=640x360.25.0&trans_finger=40a32e8439c5409a63ccf853562a60ef&Expires=1589803643&ssig=uOeiqXj4Fw&KID=unistore,video",
4505922481800614,J2u4o7yqa,5953490444,雕像上的鸽子,#陈芊芊回应传闻#我以为是袁成杰老婆，打扰了,,,,陈芊芊回应传闻,0,2,1,2020-05-18 13:18,Android,,,
4505920355435534,J2u0XmO1U,2933182541,我是你娴姐he,#陈芊芊回应传闻#想看赵露思,,,,陈芊芊回应传闻,0,0,0,2020-05-18 13:09,小米6 拍人更美,,,
4505920329100768,J2u0UCbwA,6735693704,·鲸落潮汐·,#赵露思传闻中的陈芊芊##陈芊芊回应传闻#今晚在@腾讯视频和鬼马精灵编剧芊芊不见不散,,,腾讯视频,"赵露思传闻中的陈芊芊,陈芊芊回应传闻",0,0,6,2020-05-18 13:09,Android客户端,"['http://ww1.sinaimg.cn/large/007lQhD2ly1gewiwrch3kj31ah0u0tik.jpg', 'http://ww1.sinaimg.cn/large/007lQhD2ly1gewiws1hlcj31g60u0k2m.jpg', 'http://ww4.sinaimg.cn/large/007lQhD2ly1gewiwskcohj31900u0tdw.jpg', 'http://ww1.sinaimg.cn/large/007lQhD2ly1gewiwtex4sj30u00ian1b.jpg', 'http://ww4.sinaimg.cn/large/007lQhD2ly1gewiwu90sxj30u00u0n12.jpg', 'http://ww4.sinaimg.cn/large/007lQhD2ly1gewiwuz7u8j30u30u0gpc.jpg']",,
4505919825782866,J2u06ogo2,5689333061,如果我开挖掘机你还会爱我吗y,#陈芊芊回应传闻#看起来不错，等更完了看，懒得追,,,,陈芊芊回应传闻,0,0,0,2020-05-18 13:07,nova 5z,,,
4505918413358919,J2tXPe5O7,6270009886,夭桃之心,#陈芊芊回应传闻#赵露丝我可以冲啊啊啊肉丝,,,,陈芊芊回应传闻,0,0,2,2020-05-18 13:02,HUAWEI Mate 30 5G,,,
4505918190033221,J2tXt08DP,6316134353,Love雨儿大神,#陈芊芊回应传闻#啊啊啊啊啊啊啊啊啊啊啊期待搞起来,,,,陈芊芊回应传闻,0,0,0,2020-05-18 13:01,麻烦少女的iPad air2（金色）,,,
4505918035032854,J2tXdl7h4,6416766920,王一宝的小头盔,#陈芊芊回应传闻#还以为这个陈芊芊是袁成杰老婆呢，结果，这？？？,,,,陈芊芊回应传闻,0,2,3,2020-05-18 13:00,哦豁咯超话,,,
4505917888982812,J2tWYBGQ4,6137993384,虞七zao,#陈芊芊回应传闻#呜呜呜现在的剧怎么都一周更四集，不够看呀而且还容易忘记剧情,,,,陈芊芊回应传闻,0,0,1,2020-05-18 13:00,红米Redmi,,,
4505916990719853,J2tVx31gx,5945434844,明天会比今天更开心,#陈芊芊回应传闻#哇，知道女主是露思，没想到男主是丁禹兮，最近正在追他的韫色过浓,,,,陈芊芊回应传闻,0,1,4,2020-05-18 12:56,小米6X 拍人更美,,,
4505916861187594,J2tVk4YWK,6673570584,·吻文夢境·,#陈芊芊回应传闻#赵露思真的是穿越剧专业户吧，期待一哈预告看起来不错,,,,陈芊芊回应传闻,0,1,1,2020-05-18 12:55,吻文要快乐Android,,,
4505915883210265,J2tTKdt8t,5949857216,紫现战博如彤鹿,#陈芊芊回应传闻#今晚见,,,,陈芊芊回应传闻,0,3,3,2020-05-18 12:52,,['http://ww4.sinaimg.cn/large/006uEZEYly1gewiehu8bsj30u01uojzg.jpg'],,
4505915590157787,J2tTh0F2X,6512284511,赵露思的Emily,#陈芊芊回应传闻#搬好小板凳，一起来看陈芊芊。今晚我们不见不散。@赵露思的微博@传闻中的陈芊芊官微,,,"赵露思的微博,传闻中的陈芊芊官微",陈芊芊回应传闻,0,0,2,2020-05-18 12:50,小米5s 拍照黑科技,['http://ww1.sinaimg.cn/large/0076ISGXly1gewid7zosbj30u01a0dwt.jpg'],,
4505914356779246,J2tRhsrAG,6258967582,洛津绿塘,#陈芊芊回应传闻#,,,,陈芊芊回应传闻,0,0,0,2020-05-18 12:46,vivo 全新水滴屏手机,,,
4505914122061053,J2tQU8EaN,6358786234,早起不爱喝茶,#陈芊芊回应传闻#来看芊芊郡主啦～什么颜色都驾驭的很好看啊#赵露思瘦了#,,,,"陈芊芊回应传闻,赵露思瘦了",0,0,4,2020-05-18 12:45,HUAWEI nova 3,"['http://ww3.sinaimg.cn/large/006WkOMily1gewi6ntrjtj31bc4tk4qr.jpg', 'http://ww3.sinaimg.cn/large/006WkOMily1gewi6oi8nvj31f01w04qp.jpg', 'http://ww3.sinaimg.cn/large/006WkOMily1gewi6p5iygj31jk1jk7wh.jpg', 'http://ww2.sinaimg.cn/large/006WkOMily1gewi6pib8mj30u01ep0z1.jpg', 'http://ww3.sinaimg.cn/large/006WkOMily1gewi6pr70mj30u01epgth.jpg', 'http://ww3.sinaimg.cn/large/006WkOMily1gewi6q10i4j30u01ep0yg.jpg']",,
4505913366692081,J2tPGs4UN,6358786234,早起不爱喝茶,#赵露思瘦了#花仙子最好看～#陈芊芊回应传闻#,,,,"赵露思瘦了,陈芊芊回应传闻",0,0,0,2020-05-18 12:42,HUAWEI nova 3,"['http://ww4.sinaimg.cn/large/006WkOMily1gewi3c0779j31hc2i0e81.jpg', 'http://ww4.sinaimg.cn/large/006WkOMily1gewi3csmshj31hc2hq7wh.jpg', 'http://ww2.sinaimg.cn/large/006WkOMily1gewi3dkfebj31hc2i0npd.jpg', 'http://ww1.sinaimg.cn/large/006WkOMily1gewi3mlxm9g30dw08e1l6.jpg', 'http://ww1.sinaimg.cn/large/006WkOMily1gewi3phgtqg30ci07nnpk.jpg', 'http://ww2.sinaimg.cn/large/006WkOMily1gewi3iolufg30dw0einpr.jpg', 'http://ww4.sinaimg.cn/large/006WkOMily1gewi3em5y1j31hc2i0qv5.jpg', 'http://ww2.sinaimg.cn/large/006WkOMily1gewi3fpx79j31hc2huhdt.jpg', 'http://ww4.sinaimg.cn/large/006WkOMily1gewi3kgtylj31hc2i07wh.jpg']",,
4505912998818450,J2tP5B054,5682327608,_Nakisha,#陈芊芊回应传闻##传闻中的陈芊芊#这……我也从来没想到能有一个电视剧以我的名字命名啊,,,,"陈芊芊回应传闻,传闻中的陈芊芊",0,2,9,2020-05-18 12:40,vivo AI智慧拍照X21,,,
4505912184418262,J2tNMixoi,3032105972,·萱酥酥·,赵露思｜#陈芊芊回应传闻##赵露思瘦了#枫霜零落杏树婆娑纵四季风景如画不及你浅笑半回眸@赵露思的微博,,,赵露思的微博,"陈芊芊回应传闻,赵露思瘦了",0,57,72,2020-05-18 12:37,赵露思超话,"['http://ww1.sinaimg.cn/large/b4ba43f4gy1gewhy1a0pvj20u01a0q9q.jpg', 'http://ww3.sinaimg.cn/large/b4ba43f4gy1gewhy1q2a2j20u01a0wvq.jpg', 'http://ww2.sinaimg.cn/large/b4ba43f4gy1gewhy0na1lj20u01a0k6x.jpg', 'http://ww3.sinaimg.cn/large/b4ba43f4gy1gewhyfsro5g20rs0icnpi.jpg', 'http://ww4.sinaimg.cn/large/b4ba43f4gy1gewhybu2rhg20rs0ice88.jpg', 'http://ww2.sinaimg.cn/large/b4ba43f4gy1gewhyjmlgog20rs0ice86.jpg']",,
4505911660180440,J2tMW0KWk,5082007811,元气少女郭德纲吖i,O今晚20点和@盛英豪一起看#陈芊芊回应传闻#蜜桃公子绝世无双英豪裴恒撩人心弦,,,,陈芊芊回应传闻,0,2,2,2020-05-18 12:35,OPPO随光而变R17,"['http://ww1.sinaimg.cn/large/005xVAnVly1gewhv9k1mzj30u01a0gwp.jpg', 'http://ww1.sinaimg.cn/large/005xVAnVly1gewhvbms7jj30u01a012v.jpg', 'http://ww3.sinaimg.cn/large/005xVAnVly1gewhvcb6jzj30qo13sq79.jpg']",,
4505911060130315,J2tLY0xTR,6969825143,超级无敌可爱的万能春,#陈芊芊回应传闻#太棒了吧,,运城·万荣县,,陈芊芊回应传闻,0,0,0,2020-05-18 12:32,HUAWEI P20 Pro,,,
4505910351165405,J2tKP4TaR,5898316383,呦安吖,赵露思|#陈芊芊回应传闻#|果不其然啊！！！就是“容嬷嬷”……“赵嬷嬷”画的“容嬷嬷”@赵露思的微博,,,赵露思的微博,陈芊芊回应传闻,0,11,4,2020-05-18 12:30,赵露思超话,['http://ww2.sinaimg.cn/large/006raJxdgy1gewhrmnv68j30mi0u0ngm.jpg'],,
4505909995677284,J2tKfnOV6,1633379937,静暖小太阳,#陈芊芊回应传闻#终于等到你，我的芊芊啊,,,,陈芊芊回应传闻,0,0,0,2020-05-18 12:28,Android,"['http://ww4.sinaimg.cn/large/615b6661ly1gewhq29pppj21ah0u0woc.jpg', 'http://ww3.sinaimg.cn/large/615b6661ly1gewhq3vn20j22bc3344qp.jpg', 'http://ww3.sinaimg.cn/large/615b6661ly1gewhq5d6ivj22bc334e4l.jpg']",,
4505909910792044,J2tK73k2U,5508854427,青青园中喵,#陈芊芊回应传闻#哇哦又可以看肉丝儿演的剧了我怎么这么爱看她呢皇帝陛下也是为了她开会员当时还默默期待有第三部来着虽然后来总是合作一些巨丑的辣眼睛男演员但是她在剧里面真的好可爱啊肉肉的脸萌萌的声音和口音（感觉语气像个水军）,,,,陈芊芊回应传闻,0,0,0,2020-05-18 12:28,小米CC9 Pro 一亿像素,,,
4505909194127864,J2tIXhjQs,3014253265,·驯服月亮·,#陈芊芊回应传闻#女尊男卑？？？？有点意思,,,,陈芊芊回应传闻,0,0,1,2020-05-18 12:25,·啵啵·iPhone客户端,,,
4505909038573960,J2tIHzYtG,6603613187,一介路人-YZ,#陈芊芊回应传闻#赵露思！,,,,陈芊芊回应传闻,0,0,1,2020-05-18 12:24,Android,,,
4505908270438089,J2tHt1PXX,6077841271,橙子味的小仙女98,#陈芊芊回应传闻#今晚撒糖预警。,,,,陈芊芊回应传闻,0,0,2,2020-05-18 12:21,HUAWEI Mate 20,"['http://ww3.sinaimg.cn/large/006Dk09Vly1gewhiq2ksgj31dr0u0qc4.jpg', 'http://ww3.sinaimg.cn/large/006Dk09Vly1gewhiqaxpqj30u01a0ar1.jpg']",,
4505907699975596,J2tGxFR6I,5201691719,辣辣辣味泥,#陈芊芊回应传闻#就这我还以为是哪个明星,,,,陈芊芊回应传闻,0,0,0,2020-05-18 12:19,iPhone XS Max,,,
4505906807756363,J2tF6wxMD,6351528461,5块奶糖,#陈芊芊回应传闻#你们不来看一眼你们周宝贝嘛#传闻中的陈芊芊#我都看，哈哈哈哈哈,,,,"陈芊芊回应传闻,传闻中的陈芊芊",0,0,1,2020-05-18 12:16,Android,"['http://ww3.sinaimg.cn/large/006VQmHrly1gewh9p3w2mj30u01a0amy.jpg', 'http://ww4.sinaimg.cn/large/006VQmHrly1gewh9pjkfij30u01a0ar1.jpg', 'http://ww2.sinaimg.cn/large/006VQmHrly1gewh9pvz7nj30u01a07ep.jpg', 'http://ww4.sinaimg.cn/large/006VQmHrly1gewh9q5a7yj31ah0u0qcw.jpg', 'http://ww3.sinaimg.cn/large/006VQmHrly1gewh9rvu17j31tm1tmkjm.jpg', 'http://ww4.sinaimg.cn/large/006VQmHrly1gewh9qc4bxj31c00u0jyn.jpg', 'http://ww3.sinaimg.cn/large/006VQmHrly1gewh9qkf5sj31dr0u0qc4.jpg', 'http://ww3.sinaimg.cn/large/006VQmHrly1gewh9r2sbcj31041rwx33.jpg', 'http://ww2.sinaimg.cn/large/006VQmHrly1gewh9qs9c6j30u011x45a.jpg']",,
4505906312963072,J2tEjcqPu,7327934610,赵露思工作室官微,赵露思•#陈芊芊回应传闻#今晚首播日更新八集，芊芊郡主“豪横”出场，《传闻中的陈芊芊》追剧日历先来马住吧@赵露思的微博,,,赵露思的微博,陈芊芊回应传闻,43,79,307,2020-05-18 12:14,赵露思超话,['http://ww1.sinaimg.cn/large/007ZVgxIly1gewh8dfwrhj30u02wv7wh.jpg'],,
4505905335835450,J2tCJou4a,3363106254,余蓝旧港w,#陈芊芊回应传闻##传闻中的陈芊芊#啊啊啊终于等到18号继三千鸦杀之后我又有精神食粮啦期待可爱@赵露思的微博🗣大家都去看！,,,赵露思的微博,"陈芊芊回应传闻,传闻中的陈芊芊",0,0,2,2020-05-18 12:10,OnePlus 7,"['http://ww2.sinaimg.cn/large/c874edcely1gewh40aaeij20yi1pcwke.jpg', 'http://ww1.sinaimg.cn/large/c874edcely1gewh40uyt2j20yi1pcdl4.jpg', 'http://ww4.sinaimg.cn/large/c874edcely1gewh41pfcaj20yi0yi0ww.jpg']",,
4505886481559413,J2t8k6xFP,6182732044,永不秃头的八毛,#陈芊芊回应传闻#｜#赵露思瘦了#赵露思超瘦的@赵露思的微博,,,赵露思的微博,"陈芊芊回应传闻,赵露思瘦了",0,0,9,2020-05-18 10:55,Android,"['http://ww2.sinaimg.cn/large/006Kq72Aly1gewf0wov0zj319c1w0ngn.jpg', 'http://ww4.sinaimg.cn/large/006Kq72Aly1gewf0xifvzj319c1w0qs4.jpg', 'http://ww3.sinaimg.cn/large/006Kq72Aly1gewf0y4iwoj31900u019x.jpg']",,
4505886326414305,J2t84qUEx,5946059825,WOJIUSHIWO_95881,赵露思#赵露思传闻中的陈芊芊##陈芊芊回应传闻##赵露思瘦了#今天晚上看起来！！！,,,,"赵露思传闻中的陈芊芊,陈芊芊回应传闻,赵露思瘦了",1,9,10,2020-05-18 10:54,赵露思超话,"['http://ww1.sinaimg.cn/large/006up3MJly1gewf006wq6j30u01a0ar1.jpg', 'http://ww1.sinaimg.cn/large/006up3MJly1gewf00hvm9j30u00u0n12.jpg', 'http://ww1.sinaimg.cn/large/006up3MJly1gewf00q2qtj30u01hcgtc.jpg', 'http://ww4.sinaimg.cn/large/006up3MJly1gewf00z14gj30u30u0gpc.jpg', 'http://ww2.sinaimg.cn/large/006up3MJly1gewf018ej4j31ah0u0tik.jpg', 'http://ww4.sinaimg.cn/large/006up3MJly1gewf01gqegj30u00u079j.jpg', 'http://ww3.sinaimg.cn/large/006up3MJly1gewf01rxqxj30u00u00yg.jpg', 'http://ww3.sinaimg.cn/large/006up3MJly1gewf01zuyhj31hm0u0n7m.jpg']",,
4505885483636584,J2t6Ifg2A,1522888097,综艺那些事,#陈芊芊回应传闻#玉树临风少城主韩烁×鬼马机灵少女陈芊芊一次又一次奇妙的相遇，一点一点的情愫慢慢堆积，你为我而来，我为你相思绵绵！撒糖，好甜期待#传闻中的陈芊芊#,,,,"陈芊芊回应传闻,传闻中的陈芊芊",16,65,494,2020-05-18 10:51,nova5Pro人像超级夜景,"['http://ww1.sinaimg.cn/large/5ac56da1ly1gewewnwa3ij20u01a0amy.jpg', 'http://ww3.sinaimg.cn/large/5ac56da1ly1gewewo9bn2j20u01a0ar1.jpg', 'http://ww3.sinaimg.cn/large/5ac56da1ly1gewewoopvnj20u01a07ep.jpg', 'http://ww3.sinaimg.cn/large/5ac56da1ly1gewewp34rtj20u01a0tjf.jpg', 'http://ww4.sinaimg.cn/large/5ac56da1ly1gewewpg8yqj20u01a0h03.jpg', 'http://ww1.sinaimg.cn/large/5ac56da1ly1gewewpvlkij20u01a0dy7.jpg', 'http://ww1.sinaimg.cn/large/5ac56da1ly1gewewq8wloj20if0ifmyn.jpg', 'http://ww3.sinaimg.cn/large/5ac56da1ly1gewewri9clg20hs0a0b2c.jpg', 'http://ww1.sinaimg.cn/large/5ac56da1ly1gewewstjl8g20hs0a0qv7.jpg']",,
4505885152647899,J2t6bb6Q3,1925453812,谢晓虎tiger,@赵露思的微博@丁禹兮领衔主演的#传闻中的陈芊芊#今日@腾讯视频播出。每周一二20点更新2集，VIP抢先看6集。6月1日起VIP额外尊享超前点播特权，提前看大结局，共24集。讲述七流编剧陈小千意外卡进自己的剧本，变身东梁女国满是恶评的三公主，原本只是小女配的她，开挂翻身收获爱情和成长的故事。@盛英豪@周紫馨_ @赵昕zhaozhao@权沛伦@陈名豪M@魏笑Smile#陈芊芊回应传闻#,,,"赵露思的微博,丁禹兮,腾讯视频,盛英豪,周紫馨_,赵昕zhaozhao,权沛伦,陈名豪M,魏笑Smile","传闻中的陈芊芊,陈芊芊回应传闻",0,0,6,2020-05-18 10:49,HUAWEI Mate30 Pro 5G,"['http://ww2.sinaimg.cn/large/72c417f4ly1gewevd6pzyj20u01a0amy.jpg', 'http://ww3.sinaimg.cn/large/72c417f4ly1gewevdhqumj20u01a0ar1.jpg', 'http://ww3.sinaimg.cn/large/72c417f4ly1gewevdsb9fj20u01a07ep.jpg', 'http://ww2.sinaimg.cn/large/72c417f4ly1geweve0ellj20u01a0tjf.jpg', 'http://ww1.sinaimg.cn/large/72c417f4ly1gewevf14yqj20u01a0h03.jpg', 'http://ww2.sinaimg.cn/large/72c417f4ly1gewevfy4tuj20u01a0dy7.jpg']",,
4505885038871626,J2t5ZBdUK,5462598275,芸仲,#陈芊芊回应传闻#这剧好像很有意思的样子，晚上瞄一眼看看。,,,,陈芊芊回应传闻,0,0,0,2020-05-18 10:49,,,,
4505884614966272,J2t5jkPXa,5088510521,喵大仙嗑剧,《#传闻中的陈芊芊#》今日开播~我不信外面说的陈芊芊人设如此沙雕，我要看三公主准备怎么回应外界的这些传闻今晚八点在来看我们橙子味🍊的芊芊郡主了！@赵露思的微博#陈芊芊回应传闻#,,,赵露思的微博,"传闻中的陈芊芊,陈芊芊回应传闻",159,103,1181,2020-05-18 10:47,赵露思超话,"['http://ww4.sinaimg.cn/large/005ymS2lly1gewes635gsg30hs0a0qv7.jpg', 'http://ww1.sinaimg.cn/large/005ymS2lly1gewes7451pg30hs0a01kz.jpg', 'http://ww4.sinaimg.cn/large/005ymS2lly1gewes8h1p1g30hs0a0b2c.jpg', 'http://ww4.sinaimg.cn/large/005ymS2lly1gewes2zcfrg30c90c77kl.jpg', 'http://ww4.sinaimg.cn/large/005ymS2lly1gewes30wcxg30go0gjb29.jpg', 'http://ww2.sinaimg.cn/large/005ymS2lly1gewesbauztg30ma0d2hdy.jpg', 'http://ww4.sinaimg.cn/large/005ymS2lly1gewesb9bb1g30rs0ice88.jpg', 'http://ww3.sinaimg.cn/large/005ymS2lly1gewesacpw4g30rs0iche1.jpg', 'http://ww2.sinaimg.cn/large/005ymS2lly1gewes8t0ydg30rs0icnpi.jpg']",,
4505883931994059,J2t4d8mKf,7263606185,莫欢颜的微博,#陈芊芊回应传闻#啊啊啊啊啊！太激动了啊啊啊好期待啊今晚都给我去看剧！安排上啊啊啊啊开心开心❤️,,,,陈芊芊回应传闻,0,1,5,2020-05-18 10:45,华为畅享10 Plus,"['http://ww1.sinaimg.cn/large/007VzlMtly1geweqe5ayvj30zk0lo0vh.jpg', 'http://ww4.sinaimg.cn/large/007VzlMtly1geweqehkjgj30if0if75r.jpg']",,
4505883902329965,J2t4a9M85,2552359590,追剧吐槽君,#传闻中的陈芊芊 ##陈芊芊回应传闻# 吃瓜吃到自家房子了，赵露思和丁禹兮这么养眼的组合，我不信外面说的陈芊芊人设如此沙雕，我要看三公主准备怎么回应外界的这些传闻,,,,"传闻中的陈芊芊 ,陈芊芊回应传闻",0,0,2,2020-05-18 10:45,微博 weibo.com,"['http://ww2.sinaimg.cn/large/9821eaa6ly1geweq3xvlkj20j60tetf5.jpg', 'http://ww3.sinaimg.cn/large/9821eaa6ly1geweq3wal0j20j60te78t.jpg', 'http://ww3.sinaimg.cn/large/9821eaa6ly1geweq5kbjgg20hs0a0qv7.jpg', 'http://ww4.sinaimg.cn/large/9821eaa6ly1geweq6tnd9g20hs0a01kz.jpg', 'http://ww1.sinaimg.cn/large/9821eaa6ly1geweq8csetg20hs0a0b2c.jpg', 'http://ww3.sinaimg.cn/large/9821eaa6ly1geweq4k8ekj20u011uh4a.jpg', 'http://ww3.sinaimg.cn/large/9821eaa6ly1geweq43m0mj20u011rnc2.jpg', 'http://ww4.sinaimg.cn/large/9821eaa6ly1geweq486k6j20u011p7pi.jpg', 'http://ww2.sinaimg.cn/large/9821eaa6ly1geweq4gtaaj20u011xtuv.jpg']",,
4505883729942045,J2t3SFInz,1158205155,剧荒杀手,#传闻中的陈芊芊# 有生之年吃三公主的瓜居然还能等到一次瓜主本人回应#陈芊芊回应传闻# ，我实在不信陈芊芊人设能和赵露思一样小意温柔，我也不信韩少君会和丁禹兮一样铁憨憨，这个瓜我还要保持怀疑态度,,,,"传闻中的陈芊芊,陈芊芊回应传闻",0,0,3,2020-05-18 10:44,微博 weibo.com,"['http://ww3.sinaimg.cn/large/4508cee3ly1gewepgvmt4j20j60tetf5.jpg', 'http://ww4.sinaimg.cn/large/4508cee3ly1gewepgr5hwj20j60te78t.jpg', 'http://ww3.sinaimg.cn/large/4508cee3ly1gewepic3u4g20hs0a0qv7.jpg', 'http://ww1.sinaimg.cn/large/4508cee3ly1gewepi3ma5g20hs0a01kz.jpg', 'http://ww1.sinaimg.cn/large/4508cee3ly1gewephhbrpg20hs0a0b2c.jpg', 'http://ww4.sinaimg.cn/large/4508cee3ly1geweph7pu4j20u011uh4a.jpg', 'http://ww3.sinaimg.cn/large/4508cee3ly1gewepgygxij20u011rnc2.jpg', 'http://ww4.sinaimg.cn/large/4508cee3ly1geweph2rzqj20u011p7pi.jpg', 'http://ww2.sinaimg.cn/large/4508cee3ly1geweph6hqaj20u011xtuv.jpg']",,
4505883566120224,J2t3CpG9i,1463099637,热剧君,#传闻中的陈芊芊##陈芊芊回应传闻#你以为的三公主是骄纵荒唐还是有点好看却又霸道任性？陈芊芊在线解答：都是假的！赵露思丁禹兮高颜值cp即将初见，看狭路相逢到底谁会更胜一筹,,,,"传闻中的陈芊芊,陈芊芊回应传闻",0,0,1,2020-05-18 10:43,微博 weibo.com,"['http://ww3.sinaimg.cn/large/573520f5ly1geweoqyuk8j20j60tetf5.jpg', 'http://ww1.sinaimg.cn/large/573520f5ly1geweor17roj20j60te78t.jpg', 'http://ww2.sinaimg.cn/large/573520f5ly1geweou8ju4g20hs0a0qv7.jpg', 'http://ww4.sinaimg.cn/large/573520f5ly1geweorwarxg20hs0a01kz.jpg', 'http://ww1.sinaimg.cn/large/573520f5ly1geweossclxg20hs0a0b2c.jpg', 'http://ww2.sinaimg.cn/large/573520f5ly1geweori1l8j20u011uh4a.jpg', 'http://ww4.sinaimg.cn/large/573520f5ly1geweor7tx2j20u011rnc2.jpg', 'http://ww2.sinaimg.cn/large/573520f5ly1geweorersmj20u011p7pi.jpg', 'http://ww2.sinaimg.cn/large/573520f5ly1geweorg11ej20u011xtuv.jpg']",,
4505883432204344,J2t3p9frW,1293246540,东邪西娱,#传闻中的陈芊芊# #陈芊芊回应传闻# 如果每次吃瓜都吃的半真半假抓心挠肺，不如来看正主本人怎么说陈芊芊人设到底如何？究竟三公主是不是骄奢霸道韩少君是不是自恋醋王，来听听赵露思和丁禹兮本人怎么说,,,,"传闻中的陈芊芊,陈芊芊回应传闻",0,0,2,2020-05-18 10:43,微博 weibo.com,"['http://ww3.sinaimg.cn/large/4d15604cly1geweo454c8j20j60tetf5.jpg', 'http://ww4.sinaimg.cn/large/4d15604cly1geweo42hecj20j60te78t.jpg', 'http://ww2.sinaimg.cn/large/4d15604cly1gewensrmukg20hs0a0qv7.jpg', 'http://ww2.sinaimg.cn/large/4d15604cly1gewentbrm5g20hs0a01kz.jpg', 'http://ww2.sinaimg.cn/large/4d15604cly1gewentnsutg20hs0a0b2c.jpg', 'http://ww4.sinaimg.cn/large/4d15604cly1gewensxc3wj20u011uh4a.jpg', 'http://ww4.sinaimg.cn/large/4d15604cly1gewent1lx2j20u011rnc2.jpg', 'http://ww1.sinaimg.cn/large/4d15604cly1gewent7xo6j20u011p7pi.jpg', 'http://ww4.sinaimg.cn/large/4d15604cly1gewentd8aqj20u011xtuv.jpg']",,
4505883181548336,J2t306uNa,2493344264,这八卦太劲爆了,#陈芊芊回应传闻# 有人说陈芊芊人设骄纵任性还荒唐无度？别到处吃瓜了！正主陈芊芊在线回应传闻，你想知道的都在这！想吃瓜，就来找赵露思丁禹兮吧#传闻中的陈芊芊#,,,,"陈芊芊回应传闻,传闻中的陈芊芊",2,2,3,2020-05-18 10:42,微博 weibo.com,"['http://ww3.sinaimg.cn/large/949d6a08ly1gewen4p8vsj20j60tetf5.jpg', 'http://ww4.sinaimg.cn/large/949d6a08ly1gewen4k5g4j20j60te78t.jpg', 'http://ww3.sinaimg.cn/large/949d6a08ly1gewen6qyr0g20hs0a0qv7.jpg', 'http://ww1.sinaimg.cn/large/949d6a08ly1gewen7jp8tg20hs0a01kz.jpg', 'http://ww2.sinaimg.cn/large/949d6a08ly1gewen70e6tg20hs0a0b2c.jpg', 'http://ww3.sinaimg.cn/large/949d6a08ly1gewen54ej0j20u011uh4a.jpg', 'http://ww3.sinaimg.cn/large/949d6a08ly1gewen4rdpyj20u011rnc2.jpg', 'http://ww2.sinaimg.cn/large/949d6a08ly1gewen4w4l2j20u011p7pi.jpg', 'http://ww3.sinaimg.cn/large/949d6a08ly1gewen4y69uj20u011xtuv.jpg']",,
4505882883098507,J2t2wd03V,6526649574,·千寻寻un·,#陈芊芊回应传闻#今晚就可以看到宝贝啦激动嘤嘤嘤飒！#赵露思瘦了#,,,,"陈芊芊回应传闻,赵露思瘦了",0,0,7,2020-05-18 10:40,OPPO智能手机,['http://ww3.sinaimg.cn/large/0077H9Hwgy1gewelfus28j31ah0u0tik.jpg'],,
4505882824893566,J2t2qkx2u,6463796413,只想我宝贝快乐,#陈芊芊回应传闻#我准备好了要vip吗,,,,陈芊芊回应传闻,0,0,0,2020-05-18 10:40,荣耀20 PRO,,,
4505882363239059,J2t1GdACT,6290642262,糖三浪98,#陈芊芊回应传闻#周宝贝你怎么和我两个老婆搞啊哈哈哈哈哈哈哈哈你牛啊,,,,陈芊芊回应传闻,0,0,1,2020-05-18 10:38,iPhone客户端,,,
4505882308839795,J2t1AB5Dl,1801589130,安吉尼尔·haixian,#陈芊芊回应传闻#......我还以为是袁成杰的老婆我真是跟不上了,,,,陈芊芊回应传闻,0,8,5,2020-05-18 10:38,iPhone客户端,,,
4505882211961334,J2t1r8eeq,6115406495,刘绘林EIleen,赵露思zls#传闻中的陈芊芊#｜#赵露思传闻中的陈芊芊#甜趣蜜恋今晚开启，快来一起追剧吧，今晚八点锁定@腾讯视频，搬好小板凳不见不散，入股不亏哦@赵露思的微博#陈芊芊回应传闻#L《传闻中的陈芊芊》终极预告编剧郡主赵露思套牢腹黑少君丁禹兮,,,"腾讯视频,赵露思的微博","传闻中的陈芊芊,赵露思传闻中的陈芊芊,陈芊芊回应传闻",0,20,17,2020-05-18 10:38,赵露思超话,,http://type=feedvideo&objectid=2003338005:4505869191413786&keys=4505869206159911&cover_img=//puui.qpic.cn/qqvideo_ori/0/y0034etzu1c_496_280/0&card_height=280&card_width=496&play_count=1907436&short_url=http://t.cn/A62PzJMM&encode_mode=&bitrate=277&biz_id=231268&current_mid=0&key=tblog_card&title=《传闻中的陈芊芊》终极预告 编剧郡主赵露思套牢腹黑少君丁禹兮&full_url=//m.v.qq.com/play.html?vid=y0034etzu1c&ptag=887&object_id=2003338005:4505869191413786&video_src=https://multimedia.api.weibo.com/2/multimedia/redirect_tencent_video.json?vid=y0034etzu1c,
4505881842478795,J2t0QaoQz,5606646261,我不是3岁·,#陈芊芊回应传闻#点开之前我还寻思陈芊芊不是赵露思的剧里的人物吗点开之后哦还真的是,,,,陈芊芊回应传闻,0,0,0,2020-05-18 10:36,,,,
4505881456618870,J2t0drLRY,6270561446,大眼综艺,由@赵露思的微博主演的《传闻中的陈芊芊》即将开播，今晚八点快来听#陈芊芊回应传闻#，一起做最前排“吃瓜群众”#赵露思瘦了#,,,赵露思的微博,"陈芊芊回应传闻,赵露思瘦了",0,1,3,2020-05-18 10:35,iPhone客户端,"['http://ww1.sinaimg.cn/large/006QmDtQly1geweg567g1j309o0eu0to.jpg', 'http://ww2.sinaimg.cn/large/006QmDtQly1geweg59nzdj30fa08sgnj.jpg', 'http://ww4.sinaimg.cn/large/006QmDtQly1geweg5ftpdj30fa09bq4m.jpg', 'http://ww4.sinaimg.cn/large/006QmDtQly1geweg4tmgfj30fa0a7wg3.jpg', 'http://ww1.sinaimg.cn/large/006QmDtQly1geweg5nc9lj30fa09r0u0.jpg', 'http://ww2.sinaimg.cn/large/006QmDtQly1geweg5w6mej309o0eu760.jpg']",,
4505881418950966,J2t09Byyq,5737821109,奶黄月饼饼,#陈芊芊回应传闻#今晚有剧追啦期待肉丝小姐姐@赵露思的微博,,,赵露思的微博,陈芊芊回应传闻,0,0,0,2020-05-18 10:35,,['http://ww3.sinaimg.cn/large/006gjjnLgy1gewefuoymlj30j60j640o.jpg'],,
4505881024493606,J2sZwiQZw,1810622661,大眼时光局,《传闻中的陈芊芊》即将开播，社畜小编辑变身霸道三公主？快来看#陈芊芊回应传闻#在线辟谣期待陈芊芊@赵露思的微博上线~#赵露思瘦了#,,,赵露思的微博,"陈芊芊回应传闻,赵露思瘦了",0,0,4,2020-05-18 10:33,Android,"['http://ww3.sinaimg.cn/large/6bebe8c5ly1gewdzjhbvuj20fa08s0uc.jpg', 'http://ww3.sinaimg.cn/large/6bebe8c5ly1geweecae6pj209o0eumxw.jpg', 'http://ww1.sinaimg.cn/large/6bebe8c5ly1geweeciuqtj20fa09bgmy.jpg', 'http://ww3.sinaimg.cn/large/6bebe8c5ly1geweed28ecj20fa0a7gmw.jpg', 'http://ww3.sinaimg.cn/large/6bebe8c5ly1geweedcn2nj20fa09rq3x.jpg', 'http://ww1.sinaimg.cn/large/6bebe8c5ly1geweedk4w5j209o0euq4d.jpg']",,
4505880643362435,J2sYUe6IP,6441224006,想做一只锦鲤,#陈芊芊回应传闻#露丝~,,,,陈芊芊回应传闻,0,0,0,2020-05-18 10:32,iPhone客户端,,,
4505880391945193,J2sYv8a25,3752699924,腾讯电视剧,#传闻中的陈芊芊##陈芊芊回应传闻#果圈剧本插图释出传闻夏日新奇逗趣，浪漫满怀点燃心动成交夫妇@赵露思的微博@丁禹兮今晚撒糖预警！各位客官准备好接糖了嘛,,,"赵露思的微博,丁禹兮","传闻中的陈芊芊,陈芊芊回应传闻",22,147,885,2020-05-18 10:31,微博 weibo.com,"['http://ww1.sinaimg.cn/large/dfada814ly1gewc59a2hlj21ah0u0qv5.jpg', 'http://ww1.sinaimg.cn/large/dfada814ly1gewc59adngj21c00u07wh.jpg', 'http://ww4.sinaimg.cn/large/dfada814ly1gewc5ay15vj21d70u01kx.jpg', 'http://ww2.sinaimg.cn/large/dfada814ly1gewc5bv7zij21dr0u0qv5.jpg', 'http://ww3.sinaimg.cn/large/dfada814ly1gewc5bmn8bj21hm0u0npd.jpg', 'http://ww1.sinaimg.cn/large/dfada814ly1gewc59o5imj21900u0hdt.jpg', 'http://ww4.sinaimg.cn/large/dfada814ly1gewc5b23r8j21800u0x6p.jpg', 'http://ww4.sinaimg.cn/large/dfada814ly1gewc5a8i6gj21ep0u07wh.jpg', 'http://ww4.sinaimg.cn/large/dfada814ly1gewc5ar298j21cs0u0e81.jpg']",,
4505880336382918,J2sYpqMui,5946059825,WOJIUSHIWO_95881,#陈芊芊回应传闻#期待陈芊芊今天晚上看起来！！,,,,陈芊芊回应传闻,0,0,2,2020-05-18 10:30,红米Redmi,"['http://ww1.sinaimg.cn/large/006up3MJly1gewebimxpaj30u01a0amy.jpg', 'http://ww4.sinaimg.cn/large/006up3MJly1gewebj8566j30u01a0ar1.jpg']",,
4505880140044099,J2sY60bth,7348046017,传闻中的陈芊芊官微,#传闻中的陈芊芊##陈芊芊回应传闻#果圈剧本插图释出传闻夏日新奇逗趣，浪漫满怀点燃心动成交夫妇今晚撒糖预警！果圈诸位已就绪~@赵露思的微博@丁禹兮@盛英豪@周紫馨_@腾讯视频,,,"赵露思的微博,丁禹兮,盛英豪,周紫馨_,腾讯视频","传闻中的陈芊芊,陈芊芊回应传闻",74,394,2348,2020-05-18 10:30,微博 weibo.com,"['http://ww3.sinaimg.cn/large/0081hErfly1gevu3ib121j31ah0u0qv5.jpg', 'http://ww1.sinaimg.cn/large/0081hErfly1gevu3gukrgj31c00u07wh.jpg', 'http://ww3.sinaimg.cn/large/0081hErfly1gevu3gmt0jj31d70u01kx.jpg', 'http://ww1.sinaimg.cn/large/0081hErfly1gevu3hzg32j31dr0u0qv5.jpg', 'http://ww4.sinaimg.cn/large/0081hErfly1gevu3i0m57j31hm0u0npd.jpg', 'http://ww3.sinaimg.cn/large/0081hErfly1gevu3jjkryj31900u0hdt.jpg', 'http://ww2.sinaimg.cn/large/0081hErfly1gevu3lkm84j31800u0x6p.jpg', 'http://ww1.sinaimg.cn/large/0081hErfly1gevu3jnc3sj31ep0u07wh.jpg', 'http://ww1.sinaimg.cn/large/0081hErfly1gevu3hcbhoj31cs0u0e81.jpg']",,
4505879406519859,J2sWUrm71,6182732044,永不秃头的八毛,#陈芊芊回应传闻#｜#赵露思瘦了#赵露思我可以🙋@赵露思的微博,,,赵露思的微博,"陈芊芊回应传闻,赵露思瘦了",0,1,3,2020-05-18 10:27,Android,"['http://ww1.sinaimg.cn/large/006Kq72Aly1gewe7nddfdj30qo12lh4q.jpg', 'http://ww1.sinaimg.cn/large/006Kq72Aly1gewe7nwl6vj30zr1beu07.jpg', 'http://ww1.sinaimg.cn/large/006Kq72Aly1gewe7ocmewj30u017itbv.jpg']",,
4505878897925143,J2sW5xfGT,5471534537,娱闻少女,#传闻中的陈芊芊#终于来了，啊啊啊啊啊~赵露思瘦了真的颜值绝美~万万没想到你是这样的三公主荒唐无度，纸醉金迷，不学无术…陈芊芊人设这么魔性的吗？真是让人太上头了！想追剧的集美们记得今晚腾讯视频独播哦#陈芊芊回应传闻#,,,,"传闻中的陈芊芊,陈芊芊回应传闻",1363,1515,2492,2020-05-18 10:25,,"['http://ww2.sinaimg.cn/large/005Yi053ly1gewdqqzb1ij30j60teq9n.jpg', 'http://ww4.sinaimg.cn/large/005Yi053ly1gewdqre9oaj30j60tewja.jpg', 'http://ww3.sinaimg.cn/large/005Yi053ly1gewdqugl0sg30hs0a0qv7.jpg', 'http://ww1.sinaimg.cn/large/005Yi053ly1gewdqx18ctg30hs0a01kz.jpg', 'http://ww4.sinaimg.cn/large/005Yi053ly1gewdr0hn11g30hs0a0b2c.jpg', 'http://ww2.sinaimg.cn/large/005Yi053ly1gewdr1d30hj30u011uh4l.jpg', 'http://ww3.sinaimg.cn/large/005Yi053ly1gewdm1k2dgj30u011r7jh.jpg', 'http://ww1.sinaimg.cn/large/005Yi053ly1gewdqqlxufj30u011p4k2.jpg', 'http://ww2.sinaimg.cn/large/005Yi053ly1gewdr2gxisj30u011xqpg.jpg']",,
4505878869613215,J2sW2EkPR,5742563690,不认真不努力的人活该被淘汰,#陈芊芊回应传闻#这部剧看样子不是虐的了吧？,,,,陈芊芊回应传闻,0,0,0,2020-05-18 10:24,vivo X23全息幻彩,,,
4505878814084944,J2sVXh8Gc,6478875990,大头不happy,#陈芊芊回应传闻#今晚开始！！！来看陈芊芊！！,,,,陈芊芊回应传闻,0,0,2,2020-05-18 10:24,iPhone 11,['http://ww4.sinaimg.cn/large/0074sHBQly1gewe563bf3j30u01a0wvq.jpg'],,
4505878727107658,J2sVOtP1E,6182732044,永不秃头的八毛,#陈芊芊回应传闻#｜#赵露思瘦了#啊啊啊啊啊赵姐瘦了@赵露思的微博,,,赵露思的微博,"陈芊芊回应传闻,赵露思瘦了",0,0,0,2020-05-18 10:24,Android,"['http://ww4.sinaimg.cn/large/006Kq72Aly1gewe4a1vfcj30zk1bdx3o.jpg', 'http://ww4.sinaimg.cn/large/006Kq72Aly1gewe4adiewj30u01407e4.jpg']",,
4505878307025281,J2sV8ttAZ,6526649574,·千寻寻un·,#陈芊芊回应传闻#今晚腾讯视频不见不散#赵露思瘦了#,,,,"陈芊芊回应传闻,赵露思瘦了",0,0,2,2020-05-18 10:22,OPPO智能手机,"['http://ww2.sinaimg.cn/large/0077H9Hwgy1gewe31qf7lg30rs0icb2d.jpg', 'http://ww1.sinaimg.cn/large/0077H9Hwgy1gewe34x94tg30rs0ice88.jpg']",,
4505878281766535,J2sV67pyv,1740288911,大眼星探点,赵露思#赵露思瘦了#《传闻中的陈芊芊》今晚八点开播！！赵姐@赵露思的微博瘦身成功后的第一部剧，陈芊芊到底还有什么秘密是大家不知道的？快来看#陈芊芊回应传闻#,,,赵露思的微博,"赵露思瘦了,陈芊芊回应传闻",0,2,5,2020-05-18 10:22,赵露思超话,"['http://ww4.sinaimg.cn/large/67bab38fly1gewe30rewhj209o0eu0to.jpg', 'http://ww2.sinaimg.cn/large/67bab38fly1gewe30zyqxj20fa08sgnj.jpg', 'http://ww1.sinaimg.cn/large/67bab38fly1gewe317pcxj20fa09bq4m.jpg', 'http://ww4.sinaimg.cn/large/67bab38fly1gewe31ct0vj20fa0a7wg3.jpg', 'http://ww1.sinaimg.cn/large/67bab38fly1gewe30m2mxj20fa09r0u0.jpg', 'http://ww3.sinaimg.cn/large/67bab38fly1gewe31kgp2j209o0eu760.jpg']",,
4505878038561675,J2sUHzVhx,6351126259,全村第一追剧少女,#传闻中的陈芊芊#O 今晚8点腾讯视频独播“女人天生金贵，男人地位卑劣“！“唯有男人和小人难养也？”这部剧真有意思男女主造型都很可，赵露思瘦了真好康呀！！丁禹希古装也超好看！#陈芊芊回应传闻#L全村第一追剧少女的微博视频,,,,"传闻中的陈芊芊,陈芊芊回应传闻",214,106,309,2020-05-18 10:21,,,"http://f.video.weibocdn.com/000ZwgVygx07DmlAKtPN01041200njws0E010.mp4?label=mp4_ld&template=636x360.25.0&trans_finger=40a32e8439c5409a63ccf853562a60ef&Expires=1589803950&ssig=5IEAZkIkaP&KID=unistore,video",
4505877967669099,J2sUAwb59,5972828212,大眼星饭圈,赵露思由@赵露思的微博主演的《传闻中的陈芊芊》即将开播，今晚八点快来听#陈芊芊回应传闻#，一起做最前排“吃瓜群众”#赵露思瘦了#,,,赵露思的微博,"陈芊芊回应传闻,赵露思瘦了",2,50,151,2020-05-18 10:21,赵露思超话,"['http://ww1.sinaimg.cn/large/006wdnsUly1gewe1pqfxtj309o0eu0to.jpg', 'http://ww3.sinaimg.cn/large/006wdnsUly1gewe1py46hj30fa08sgnj.jpg', 'http://ww4.sinaimg.cn/large/006wdnsUly1gewe1pi8m9j30fa09bq4m.jpg', 'http://ww1.sinaimg.cn/large/006wdnsUly1gewe1q5rzjj30fa0a7wg3.jpg', 'http://ww1.sinaimg.cn/large/006wdnsUly1gewe1qditij309o0eu760.jpg', 'http://ww2.sinaimg.cn/large/006wdnsUly1gewe1qsk49j30fa09r0u0.jpg']",,
4505877857651446,J2sUpw6uq,1696935581,青春小说影视剧透呀,【#传闻中的陈芊芊#今日开播】#陈芊芊回应传闻#@赵露思的微博@丁禹兮@盛英豪@周紫馨_@赵昕zhaozhao@权沛伦@陈名豪M@魏笑Smile主演的《传闻中的陈芊芊》腾讯视频今晚全网独播，每周一二20点更新2集，VIP抢先看6集。6月1日起VIP额外尊享超前点播特权，提前看大结局。#陈芊芊回应传闻#L青春小说影视剧透呀的微博视频,,,"赵露思的微博,丁禹兮,盛英豪,周紫馨_,赵昕zhaozhao,权沛伦,陈名豪M,魏笑Smile","传闻中的陈芊芊,陈芊芊回应传闻",20,41,168,2020-05-18 10:20,360安全浏览器,,"http://f.video.weibocdn.com/003A15e1gx07DmlxDpVd01041200o3K40E010.mp4?label=mp4_ld&template=640x360.25.0&trans_finger=40a32e8439c5409a63ccf853562a60ef&Expires=1589803950&ssig=TYB22TWvDc&KID=unistore,video",
4505877765394911,J2sUgmDsH,6510949403,腾讯超级影视VIP,#传闻中的陈芊芊##陈芊芊回应传闻#今日开播缤纷夏日，传闻剧本已就绪，甜趣蜜恋今晚开启，快来跟胖鹅一起追剧吧@赵露思的微博@丁禹兮@盛英豪@周紫馨_@赵昕zhaozhao@权沛伦@陈名豪M@魏笑Smile胖鹅家全网大屏独播，每周一二20点更新2集，#超级影视vip#抢先看6集。6月1日起VIP额外尊享超前点播特权，提前看大结局,,,"赵露思的微博,丁禹兮,盛英豪,周紫馨_,赵昕zhaozhao,权沛伦,陈名豪M,魏笑Smile","传闻中的陈芊芊,陈芊芊回应传闻,超级影视vip",0,1,1,2020-05-18 10:20,iPhone X,"['http://ww1.sinaimg.cn/large/0076DhmXly1gewe03n93aj33f158nhdz.jpg', 'http://ww1.sinaimg.cn/large/0076DhmXly1gewdzvf4v7j33f158nhdy.jpg', 'http://ww2.sinaimg.cn/large/0076DhmXly1gewe09zq5hj33f158nx6u.jpg', 'http://ww2.sinaimg.cn/large/0076DhmXly1gewe0hjloij33f158n1l3.jpg', 'http://ww2.sinaimg.cn/large/0076DhmXly1gewe0p50sfj33f158nu13.jpg', 'http://ww4.sinaimg.cn/large/0076DhmXly1gewe0v924vj33f158n1l2.jpg']",,
4505877686164468,J2sU8pREU,6478351612,漠世哇,#陈芊芊回应传闻##赵露思传闻中的陈芊芊#听芊芊之音，娇脆欲滴；望芊芊之色，仙姿佚貌；体芊芊之意，自强不息；正所谓我命由我不由天，自古成功在尝试。今晚《传闻中的陈芊芊》正式播出@赵露思的微博带你扭转命运,,,赵露思的微博,"陈芊芊回应传闻,赵露思传闻中的陈芊芊",0,0,0,2020-05-18 10:20,小米8 SE,"['http://ww2.sinaimg.cn/large/0074qvc8gy1gewe0ayuqdj31d90u0ajs.jpg', 'http://ww2.sinaimg.cn/large/0074qvc8gy1gewe0bfaz5j30u01hck50.jpg', 'http://ww4.sinaimg.cn/large/0074qvc8gy1gewe0c5brlg30go0gjb29.jpg']",,
4505877636098732,J2sU3pAyE,6346969828,圈内壹姐,#传闻中的陈芊芊# 啊啊啊我来了！火速捕捉终极预告，赵露思瘦了颜值更鲨我了~#陈芊芊回应传闻#花垣城除了让人哈哈哈哈不停的女尊设定，还有各种嗑嗑嗑嗑不完的糖！想看当街抢亲完整版！期待腾讯视频O今晚8点播出，我要等不及了！！！L传闻中的陈芊芊官微的微博视频,,,,"传闻中的陈芊芊,陈芊芊回应传闻",1284,1628,2398,2020-05-18 10:20,,,"http://f.video.weibocdn.com/kfnNJjWylx07Dm7MpAak01041200oINX0E010.mp4?label=mp4_ld&template=640x360.25.0&trans_finger=40a32e8439c5409a63ccf853562a60ef&Expires=1589804022&ssig=MkLeyXS7%2FZ&KID=unistore,video",
4505877627525961,J2sU2vzQt,6526649574,·千寻寻un·,#陈芊芊回应传闻##赵露思瘦了#今晚腾讯视频不见不散看陈芊芊啦！,,,,"陈芊芊回应传闻,赵露思瘦了",0,0,2,2020-05-18 10:20,OPPO智能手机,"['http://ww2.sinaimg.cn/large/0077H9Hwgy1gewdzevvr5g30rs0icb2d.jpg', 'http://ww1.sinaimg.cn/large/0077H9Hwgy1gewdzk40otg30rs0ice88.jpg', 'http://ww3.sinaimg.cn/large/0077H9Hwgy1gewdzkjb98j30u01eotg2.jpg', 'http://ww3.sinaimg.cn/large/0077H9Hwgy1gewdzkxi6pj30u00u0n12.jpg', 'http://ww3.sinaimg.cn/large/0077H9Hwgy1gewdzlc01oj30u00ian1b.jpg', 'http://ww2.sinaimg.cn/large/0077H9Hwgy1gewdzlztqyj31400odjxz.jpg', 'http://ww2.sinaimg.cn/large/0077H9Hwgy1gewdzmdjb6j31900u0n1m.jpg', 'http://ww1.sinaimg.cn/large/0077H9Hwgy1gewdzmrfpjj30u01a078h.jpg']",,
4505877497589519,J2sTPvQnB,6036560990,NoahCeng,#陈芊芊回应传闻#今晚不见不散,,,,陈芊芊回应传闻,0,0,1,2020-05-18 10:19,西瓜瓜瓜瓜Android,['http://ww4.sinaimg.cn/large/006AwNgWgy1gewdzsgp4ej30u01a0ar1.jpg'],,
4505877358608772,J2sTBA7xa,6072715109,大眼娱乐,#大眼星闻社#最近好多网友都说#赵露思瘦了#？今晚《传闻中的陈芊芊》开播，一起来看#陈芊芊回应传闻#不知道三公主@赵露思的微博愿不愿意把减肥食谱一起公开呢？,,,赵露思的微博,"大眼星闻社,赵露思瘦了,陈芊芊回应传闻",0,0,1,2020-05-18 10:18,,"['http://ww2.sinaimg.cn/large/006CYuBTly1gewdz75fyhj309o0euwfw.jpg', 'http://ww1.sinaimg.cn/large/006CYuBTly1gewdz6zyjtj30fa09b0u1.jpg', 'http://ww3.sinaimg.cn/large/006CYuBTly1gewdz7ahp3j30fa08sjsz.jpg', 'http://ww4.sinaimg.cn/large/006CYuBTly1gewdz7g874j30fa0a7t9z.jpg']",,
4505877212434069,J2sTnaddb,6558383670,大眼星推官,#TA眼中的我#由@赵露思的微博主演的《传闻中的陈芊芊》即将开播，今晚八点快来听#陈芊芊回应传闻#，一起做最前排“吃瓜群众”#赵露思瘦了#,,,赵露思的微博,"TA眼中的我,陈芊芊回应传闻,赵露思瘦了",0,2,3,2020-05-18 10:18,赵露思超话,"['http://ww4.sinaimg.cn/large/0079QjbMly1gewdyky33lj309o0eu0to.jpg', 'http://ww2.sinaimg.cn/large/0079QjbMly1gewdylnxk9j30fa08sgnj.jpg', 'http://ww4.sinaimg.cn/large/0079QjbMly1gewdykr0v5j30fa09bq4m.jpg', 'http://ww4.sinaimg.cn/large/0079QjbMly1gewdylxsdrj30fa0a7wg3.jpg', 'http://ww3.sinaimg.cn/large/0079QjbMly1gewdym5zvdj30fa09r0u0.jpg', 'http://ww1.sinaimg.cn/large/0079QjbMly1gewdylfgjqj309o0eu760.jpg']",,
4505877065443546,J2sT8mQ78,5716065189,影视扒皮,盼了好久的#传闻中的陈芊芊# 终于要播了！女人天生金贵的魔性设定配上陈芊芊自带的吐槽体，又甜又好笑，期待值upupup#陈芊芊回应传闻#当街抢亲真的豪横，我要pick硬核陈芊芊瘦了的赵露思和小甜剧更配了，坐等腾讯视频O今晚8点更新,,,,"传闻中的陈芊芊,陈芊芊回应传闻",1380,1719,2939,2020-05-18 10:17,,"['http://ww2.sinaimg.cn/large/006eQ1FPly1gewdxyzrnyg30hs0a0tbr.jpg', 'http://ww1.sinaimg.cn/large/006eQ1FPly1gewdxz51g3g30hs0a040y.jpg', 'http://ww3.sinaimg.cn/large/006eQ1FPly1gewdxza4vng30hs0a0mzx.jpg', 'http://ww3.sinaimg.cn/large/006eQ1FPly1gewdxzlk3hg30hs0a0775.jpg', 'http://ww1.sinaimg.cn/large/006eQ1FPly1gewdxzv0jvg30hs0a0jts.jpg', 'http://ww3.sinaimg.cn/large/006eQ1FPly1gewdxyuy8gg30hs0a0jtw.jpg', 'http://ww3.sinaimg.cn/large/006eQ1FPly1gewdxzzvikg30hs0a0abj.jpg', 'http://ww4.sinaimg.cn/large/006eQ1FPly1gewdy054ssg30hs0a0wgx.jpg', 'http://ww1.sinaimg.cn/large/006eQ1FPly1gewdy08zl7g30hs0a0wge.jpg']",,
4505876864058627,J2sSOh1PJ,3750578197,陳陳陳陳陳芊芊,#陈芊芊回应传闻#？,,,,陈芊芊回应传闻,0,1,0,2020-05-18 10:17,iPhone客户端,,,
4505876495614878,J2sSdnyGy,5710923075,今天开心鸭11,赵露思/#赵露思传闻中的陈芊芊#❤️#陈芊芊回应传闻#《传闻中的陈芊芊》今晚开播！又飒又美的陈芊芊@赵露思的微博今晚看起来！！,,,赵露思的微博,"赵露思传闻中的陈芊芊,陈芊芊回应传闻",0,2,6,2020-05-18 10:15,赵露思超话,"['http://ww4.sinaimg.cn/large/006eurYvly1gewdvmlav0j30u00ian1b.jpg', 'http://ww1.sinaimg.cn/large/006eurYvly1gewdvn6jhqj30u01a0ar1.jpg']",,
4505876440525244,J2sS82cDG,3915748980,传媒剧透君,#传闻中的陈芊芊# 发布终极预告！我真香了，O今晚8点腾讯视频独播，首页的集美们速去围观，女人天生金贵，男人地位卑劣这设定太上头了陈芊芊人设也很可，赵露思瘦了之后可爱值MAX啊，和丁禹兮超级配#陈芊芊回应传闻#L传闻中的陈芊芊官微的微博视频,,,,"传闻中的陈芊芊,陈芊芊回应传闻",837,883,975,2020-05-18 10:15,iPhone XS Max,,"http://f.video.weibocdn.com/kfnNJjWylx07Dm7MpAak01041200oINX0E010.mp4?label=mp4_ld&template=640x360.25.0&trans_finger=40a32e8439c5409a63ccf853562a60ef&Expires=1589804022&ssig=MkLeyXS7%2FZ&KID=unistore,video",
4505876398459484,J2sS3zuHi,7327934610,赵露思工作室官微,赵露思·#陈芊芊回应传闻#说这位是陈芊芊的，你的心不会痛吗哈哈哈哈哈哈答案当然是：容嬷嬷（ps：本图也会作为千万粉丝福利送给大家哦～）@赵露思的微博,,,赵露思的微博,陈芊芊回应传闻,32,241,656,2020-05-18 10:15,赵露思超话,['http://ww4.sinaimg.cn/large/007ZVgxIly1gewds6t1hmj30mi0u0h54.jpg'],,
4505876394666220,J2sS3jzTC,5756444017,剧扒姐,#传闻中的陈芊芊#终极预告高能来袭，妇唱夫随驭夫有道？#陈芊芊回应传闻#左手赚钱右手领兵？这个世界设定有点“新”！今晚邀你进入传闻之城，一起观赏机智郡主陈芊芊@赵露思的微博如何扮“玫瑰”吃老虎，一举套牢腹黑少君韩烁@丁禹兮的心！L传闻中的陈芊芊官微的微博视频,,,"赵露思的微博,丁禹兮","传闻中的陈芊芊,陈芊芊回应传闻",102,102,2,2020-05-18 10:15,,,"http://f.video.weibocdn.com/kfnNJjWylx07Dm7MpAak01041200oINX0E010.mp4?label=mp4_ld&template=640x360.25.0&trans_finger=40a32e8439c5409a63ccf853562a60ef&Expires=1589804022&ssig=MkLeyXS7%2FZ&KID=unistore,video",
4505876373643237,J2sS1fhLT,1970340345,魏笑Smile,#传闻中的陈芊芊#听说今晚教坊司有好戏看？今晚在@腾讯视频看#陈芊芊回应传闻#L《传闻中的陈芊芊》终极预告编剧郡主赵露思套牢腹黑少君丁禹兮,,,腾讯视频,"传闻中的陈芊芊,陈芊芊回应传闻",2,5,50,2020-05-18 10:15,外星传输器iPhone X,,http://type=feedvideo&objectid=2003338005:4505869191413786&keys=4505869206159911&cover_img=//puui.qpic.cn/qqvideo_ori/0/y0034etzu1c_496_280/0&card_height=280&card_width=496&play_count=1911385&short_url=http://t.cn/A62PzJMM&encode_mode=&bitrate=277&biz_id=231268&current_mid=0&key=tblog_card&title=《传闻中的陈芊芊》终极预告 编剧郡主赵露思套牢腹黑少君丁禹兮&full_url=//m.v.qq.com/play.html?vid=y0034etzu1c&ptag=887&object_id=2003338005:4505869191413786&video_src=https://multimedia.api.weibo.com/2/multimedia/redirect_tencent_video.json?vid=y0034etzu1c,
4505876259533864,J2sRPE0c0,6591613861,_蒸饺子呀_,#陈芊芊回应传闻##赵露思传闻中的陈芊芊#就在今晚期待露思的芊芊郡主呀！！@赵露思的微博,,,赵露思的微博,"陈芊芊回应传闻,赵露思传闻中的陈芊芊",0,0,4,2020-05-18 10:14,Android客户端,['http://ww1.sinaimg.cn/large/007c5JSBgy1gewduobhk8j30u01a0drr.jpg'],,
4505876222475301,J2sRManWd,6588298901,uaena200911,#陈芊芊回应传闻#期待今晚的新剧啊，露思太可了,,,,陈芊芊回应传闻,0,0,3,2020-05-18 10:14,OPPO超视野全面屏R15,"['http://ww2.sinaimg.cn/large/007bRPvvly1gewduc746bj32ui1qgqv5.jpg', 'http://ww3.sinaimg.cn/large/007bRPvvly1gewdubbei5j31jk0vynjj.jpg', 'http://ww4.sinaimg.cn/large/007bRPvvly1gewdub1gqcj30u00iawm7.jpg', 'http://ww1.sinaimg.cn/large/007bRPvvly1gewdubo375j31900u0tdw.jpg', 'http://ww4.sinaimg.cn/large/007bRPvvly1gewdudi27mj30zk1d5avn.jpg', 'http://ww2.sinaimg.cn/large/007bRPvvly1gewdui9w6zj32yo4g0kjq.jpg']",,
4505876185400751,J2sRImEYT,6591613861,_蒸饺子呀_,#陈芊芊回应传闻##赵露思传闻中的陈芊芊#就在今晚期待露思的芊芊郡主呀！！@赵露思的微博,,,赵露思的微博,"陈芊芊回应传闻,赵露思传闻中的陈芊芊",0,0,2,2020-05-18 10:14,Android客户端,['http://ww2.sinaimg.cn/large/007c5JSBgy1gewducfmh5j30u01a0k4q.jpg'],,
4505876134849691,J2sRDklCP,6591613861,_蒸饺子呀_,#陈芊芊回应传闻##赵露思传闻中的陈芊芊#就在今晚期待露思的芊芊郡主呀！！@赵露思的微博,,,赵露思的微博,"陈芊芊回应传闻,赵露思传闻中的陈芊芊",0,1,3,2020-05-18 10:14,Android客户端,"['http://ww3.sinaimg.cn/large/007c5JSBgy1gewdu3rbrjj30u01a012v.jpg', 'http://ww3.sinaimg.cn/large/007c5JSBgy1gewdu4riq1j30u01a0k4q.jpg']",,
4505876012927281,J2sRrchwd,5406006781,微博电视剧,#传闻中的陈芊芊##陈芊芊回应传闻#终极预告高能来袭，妇唱夫随驭夫有道？左手赚钱右手领兵？这个世界设定有点“新”！今晚@腾讯视频，邀你进入传闻之城，一起观赏机智郡主陈芊芊@赵露思的微博如何扮“玫瑰”吃老虎，一举套牢腹黑少君韩烁@丁禹兮的心！@传闻中的陈芊芊官微L传闻中的陈芊芊官微的微博视频,,,"腾讯视频,赵露思的微博,丁禹兮,传闻中的陈芊芊官微","传闻中的陈芊芊,陈芊芊回应传闻",19,110,431,2020-05-18 10:13,iPhone 11 Pro Max,,"http://f.video.weibocdn.com/kfnNJjWylx07Dm7MpAak01041200oINX0E010.mp4?label=mp4_ld&template=640x360.25.0&trans_finger=40a32e8439c5409a63ccf853562a60ef&Expires=1589804022&ssig=MkLeyXS7%2FZ&KID=unistore,video",
4505875984017553,J2sRogR9f,6916332130,鑋不改昵称会被吞评,#陈芊芊回应传闻#看两集试试,,,,陈芊芊回应传闻,0,0,1,2020-05-18 10:13,Android,,,
4505875946154737,J2sRkpP7X,6543540476,我叫little怡呀,#陈芊芊回应传闻#这个热搜名我还以为今日播出出什么幺蛾子了,,,,陈芊芊回应传闻,0,2,2,2020-05-18 10:13,荣耀V10 我AI的快,,,
4505875466774206,J2sQysqho,5050491209,天天开心呐-,#陈芊芊回应传闻#期待由赵露思主演的《传闻中的陈芊芊》，芊芊之姿，风采卓然。看陈芊芊万期须臾间如何扭转乾坤，撰写全新人生，见证陈芊芊的逆风翻盘之路，也期待演员赵露思演绎的全新角色。@赵露思的微博,,,赵露思的微博,陈芊芊回应传闻,0,4,6,2020-05-18 10:11,Android,"['http://ww3.sinaimg.cn/large/005vNltDgy1gewdr8fzx0j30u01a0qd4.jpg', 'http://ww1.sinaimg.cn/large/005vNltDgy1gewdr9157gj30u01a014i.jpg', 'http://ww1.sinaimg.cn/large/005vNltDgy1gewdr9fyevj31900u0dl7.jpg', 'http://ww4.sinaimg.cn/large/005vNltDgy1gewdraka6sj31d90u045n.jpg']",,
4505875366804516,J2sQosyag,5020378988,慕思西米露,#陈芊芊回应传闻#今晚不见不散～腾讯视频传闻中的陈芊芊,,,,陈芊芊回应传闻,0,1,3,2020-05-18 10:11,西米露露露iPhone客户端,['http://ww3.sinaimg.cn/large/005tKZUEgy1gewdqrpxlrj30u01a0arb.jpg'],,
4505875212210852,J2sQ99h8U,6375036766,渔乙-sy,#陈芊芊回应传闻##赵露思瘦了#今晚来腾讯视频看陈芊芊哇O今晚8点不见不散等你[憧憬]不看的话也看看我们家小姐姐哈哈哈哈哈哈哈哈哈哈哈哈哈,,,,"陈芊芊回应传闻,赵露思瘦了",0,28,17,2020-05-18 10:10,荣耀 9X,"['http://ww2.sinaimg.cn/large/006Xr0hEgy1gewdomva5qj30u01a0ar1.jpg', 'http://ww2.sinaimg.cn/large/006Xr0hEgy1gewdonbf71j30u00iawlw.jpg', 'http://ww3.sinaimg.cn/large/006Xr0hEgy1gewdontv8aj30yi1pcqbv.jpg', 'http://ww1.sinaimg.cn/large/006Xr0hEgy1gewdoo8ulwj30yi0ye7b9.jpg', 'http://ww3.sinaimg.cn/large/006Xr0hEgy1gewdoomqcbj30yi0yiwll.jpg', 'http://ww3.sinaimg.cn/large/006Xr0hEgy1gewdooyuscj31jk111tg4.jpg', 'http://ww4.sinaimg.cn/large/006Xr0hEgy1gewdopekooj30n00sb470.jpg', 'http://ww3.sinaimg.cn/large/006Xr0hEgy1gewdoprdaij30n00s9dny.jpg', 'http://ww1.sinaimg.cn/large/006Xr0hEgy1gewdoqavlkj30u01407e4.jpg']",,
4505875077754922,J2sPVwxpo,6591613861,_蒸饺子呀_,#陈芊芊回应传闻##赵露思传闻中的陈芊芊#就在今晚期待露思的芊芊郡主呀！！@赵露思的微博,,,赵露思的微博,"陈芊芊回应传闻,赵露思传闻中的陈芊芊",0,2,8,2020-05-18 10:09,Android客户端,['http://ww4.sinaimg.cn/large/007c5JSBgy1gewdprjmc1g30go0gjb29.jpg'],,
4505874951901918,J2sPJ7YM6,6591613861,_蒸饺子呀_,#陈芊芊回应传闻##赵露思传闻中的陈芊芊#就在今晚期待露思的芊芊郡主呀！！@赵露思的微博,,,赵露思的微博,"陈芊芊回应传闻,赵露思传闻中的陈芊芊",0,1,3,2020-05-18 10:09,Android客户端,"['http://ww4.sinaimg.cn/large/007c5JSBgy1gewdo9n0w3j30u30u0q5o.jpg', 'http://ww2.sinaimg.cn/large/007c5JSBgy1gewdoae6s8j30u00u0goj.jpg']",,
4505874893396766,J2sPDefEy,6036560990,NoahCeng,#陈芊芊回应传闻#今晚和赵露思饰演的陈芊芊不见不散,,,,陈芊芊回应传闻,0,1,7,2020-05-18 10:09,西瓜瓜瓜瓜Android,['http://ww4.sinaimg.cn/large/006AwNgWgy1gewdoppzxqj30u01a0ar1.jpg'],,
4505874776156705,J2sPrpPDH,6036560990,NoahCeng,#陈芊芊回应传闻#|#赵露思传闻中的陈芊芊#今日开播缤纷夏日，传闻剧本已就绪，甜趣蜜恋今晚开启，快来一起追剧吧～@赵露思的微博,,,赵露思的微博,"陈芊芊回应传闻,赵露思传闻中的陈芊芊",0,1,6,2020-05-18 10:08,西瓜瓜瓜瓜Android,['http://ww4.sinaimg.cn/large/006AwNgWgy1gewdojdxtuj311i26r1kx.jpg'],,
4505874767079026,J2sPqtHzQ,2965910431,阿兵不吃柠檬,赵露思#陈芊芊回应传闻#啊！终极预告来了！陈芊芊今晚见啊，瘦了的赵露思我爱了L阿兵不吃柠檬的微博视频,,,,陈芊芊回应传闻,0,0,0,2020-05-18 10:08,赵露思超话,,"http://f.video.weibocdn.com/rLSwQdRklx07DmkHnWeA01041200mQca0E010.mp4?label=mp4_ld&template=640x360.25.0&trans_finger=40a32e8439c5409a63ccf853562a60ef&Expires=1589804161&ssig=4mMx0XYCpR&KID=unistore,video",
4505874452062952,J2sOV8EFq,6486098552,桃月晚,#陈芊芊回应传闻#期待傲娇少主丁禹兮玉树临风少城主韩烁×鬼马机灵少女陈芊芊一次又一次奇妙的相遇，一点一点的情愫慢慢堆积，你为我而来，我为你相思绵绵。#丁禹兮传闻中的陈芊芊#5月18日起@腾讯视频和少城主@丁禹兮一起来一场一场奇妙的恋爱之旅#五月男友丁禹兮#,,,"腾讯视频,丁禹兮","陈芊芊回应传闻,丁禹兮传闻中的陈芊芊 ,五月男友丁禹兮",0,0,0,2020-05-18 10:07,是个小朋友Android,['http://ww2.sinaimg.cn/large/0074X0wMgy1gewdmyao12j30yi1pcn5a.jpg'],,
4505874310220901,J2sOH0VsV,6424328837,梅了葱,#陈芊芊回应传闻#期待陈芊芊，今晚不见不散，你们的小板凳准备好了吗,,,,陈芊芊回应传闻,0,0,4,2020-05-18 10:06,vivo AI智慧拍照X21,['http://ww3.sinaimg.cn/large/0070LPp3gy1gewdmm7vvyj30u01a0ar1.jpg'],,
4505874234962812,J2sOzkP3m,3032105972,·萱酥酥·,#陈芊芊回应传闻#红衣郡主陈芊芊好美,,,,陈芊芊回应传闻,2,8,24,2020-05-18 10:06,iPhone 11 Pro Max,"['http://ww3.sinaimg.cn/large/b4ba43f4gy1gewdm7qnf8g20rs0iche1.jpg', 'http://ww4.sinaimg.cn/large/b4ba43f4gy1gewdm3icu5g20rs0ice88.jpg', 'http://ww4.sinaimg.cn/large/b4ba43f4gy1gewdmb4k5xg20rs0icnpi.jpg']",,
4505874066294730,J2sOiqpxU,1801523290,周紫馨_,#传闻中的陈芊芊#备好瓜子茶水今晚在@腾讯视频看#陈芊芊回应传闻#L《传闻中的陈芊芊》终极预告编剧郡主赵露思套牢腹黑少君丁禹兮,,,腾讯视频,"传闻中的陈芊芊,陈芊芊回应传闻",8,65,183,2020-05-18 10:05,iPhone X,,http://type=feedvideo&objectid=2003338005:4505869191413786&keys=4505869206159911&cover_img=//puui.qpic.cn/qqvideo_ori/0/y0034etzu1c_496_280/0&card_height=280&card_width=496&play_count=1913140&short_url=http://t.cn/A62P7gR7&encode_mode=&bitrate=277&biz_id=231268&current_mid=0&key=tblog_card&title=《传闻中的陈芊芊》终极预告 编剧郡主赵露思套牢腹黑少君丁禹兮&full_url=//m.v.qq.com/play.html?vid=y0034etzu1c&ptag=887&object_id=2003338005:4505869191413786&video_src=https://multimedia.api.weibo.com/2/multimedia/redirect_tencent_video.json?vid=y0034etzu1c,
4505874015837374,J2sOdouzc,3032105972,·萱酥酥·,#陈芊芊回应传闻#今晚八点来看绝美红衣郡主陈芊芊吖,,,,陈芊芊回应传闻,0,0,7,2020-05-18 10:05,iPhone 11 Pro Max,['http://ww4.sinaimg.cn/large/b4ba43f4gy1gewdlej2tmj20u01a0wvq.jpg'],,
4505873844509004,J2sNWiUZS,2502526554,赵露思数据站,赵露思|#赵露思瘦了#❗❗【话题号召】❗❗#陈芊芊回应传闻#处于热搜位，请全体露珠迅速带话题安利微博内容:安利带赵露思陈芊芊相关内容请全体露珠迅速点进热搜，带#陈芊芊回应传闻#话题发帖、转发，增加讨论量和话题热度！重要重要❗紧急紧急❗,,,,"赵露思瘦了,陈芊芊回应传闻",0,10,22,2020-05-18 10:05,赵露思超话,['http://ww4.sinaimg.cn/large/9529865agy1gevuy69k2gj22c02c01kx.jpg'],,
4505873617777635,J2sNzwDjJ,3558201323,权沛伦,#传闻中的陈芊芊#苏沐见过各位今晚在@腾讯视频看#陈芊芊回应传闻#L《传闻中的陈芊芊》终极预告编剧郡主赵露思套牢腹黑少君丁禹兮,,,腾讯视频,"传闻中的陈芊芊,陈芊芊回应传闻",72,69,369,2020-05-18 10:04,iPhone 11 Pro Max(Midnight Green),,http://type=feedvideo&objectid=2003338005:4505869191413786&keys=4505869206159911&cover_img=//puui.qpic.cn/qqvideo_ori/0/y0034etzu1c_496_280/0&card_height=280&card_width=496&play_count=1913140&short_url=http://t.cn/A62P7gR7&encode_mode=&bitrate=277&biz_id=231268&current_mid=0&key=tblog_card&title=《传闻中的陈芊芊》终极预告 编剧郡主赵露思套牢腹黑少君丁禹兮&full_url=//m.v.qq.com/play.html?vid=y0034etzu1c&ptag=887&object_id=2003338005:4505869191413786&video_src=https://multimedia.api.weibo.com/2/multimedia/redirect_tencent_video.json?vid=y0034etzu1c,
4505873480025066,J2sNm06wi,5836545437,南昭子_k,#陈芊芊回应传闻#期待陈芊芊今晚与芊芊不见不散评论配图,,,,陈芊芊回应传闻,0,0,5,2020-05-18 10:03,全屏双摄 OPPO A5,['http://ww1.sinaimg.cn/large/006mZy5Dly1gewdj1kn9uj30hs0a0wha.jpg'],,
4505873416460869,J2sNfr6Lz,3032105972,·萱酥酥·,#陈芊芊回应传闻#期待赵露思！！！期待陈芊芊！！！！,,,,陈芊芊回应传闻,0,0,7,2020-05-18 10:03,iPhone 11 Pro Max,"['http://ww2.sinaimg.cn/large/b4ba43f4gy1gewdiqrifog20rs0iche1.jpg', 'http://ww2.sinaimg.cn/large/b4ba43f4gy1gewditkfmwg20rs0ice86.jpg', 'http://ww3.sinaimg.cn/large/b4ba43f4gy1gewdixf4alg20rs0ice88.jpg', 'http://ww1.sinaimg.cn/large/b4ba43f4gy1gewdinadjpg20rs0icnpi.jpg']",,
4505873336337427,J2sN7qAEz,5653796775,赵露思的微博,#传闻中的陈芊芊#欢迎来到陈芊芊的世界～今晚在@腾讯视频看#陈芊芊回应传闻#🍊L《传闻中的陈芊芊》终极预告编剧郡主赵露思套牢腹黑少君丁禹兮,,,腾讯视频,"传闻中的陈芊芊,陈芊芊回应传闻",3298,4328,27923,2020-05-18 10:03,,,http://type=feedvideo&objectid=2003338005:4505869191413786&keys=4505869206159911&cover_img=//puui.qpic.cn/qqvideo_ori/0/y0034etzu1c_496_280/0&card_height=280&card_width=496&play_count=1913140&short_url=http://t.cn/A62P7gR7&encode_mode=&bitrate=277&biz_id=231268&current_mid=0&key=tblog_card&title=《传闻中的陈芊芊》终极预告 编剧郡主赵露思套牢腹黑少君丁禹兮&full_url=//m.v.qq.com/play.html?vid=y0034etzu1c&ptag=887&object_id=2003338005:4505869191413786&video_src=https://multimedia.api.weibo.com/2/multimedia/redirect_tencent_video.json?vid=y0034etzu1c,
4505872829911211,J2sMiFAmf,2712305611,丁禹兮,#传闻中的陈芊芊#花垣女子太可怕了…O今晚20:00记得来@腾讯视频看#陈芊芊回应传闻#L《传闻中的陈芊芊》终极预告编剧郡主赵露思套牢腹黑少君丁禹兮,,,腾讯视频,"传闻中的陈芊芊,陈芊芊回应传闻",11038,7583,12962,2020-05-18 10:01,iPhone客户端,,http://type=feedvideo&objectid=2003338005:4505869191413786&keys=4505869206159911&cover_img=//puui.qpic.cn/qqvideo_ori/0/y0034etzu1c_496_280/0&card_height=280&card_width=496&play_count=1913140&short_url=http://t.cn/A62P7gR7&encode_mode=&bitrate=277&biz_id=231268&current_mid=0&key=tblog_card&title=《传闻中的陈芊芊》终极预告 编剧郡主赵露思套牢腹黑少君丁禹兮&full_url=//m.v.qq.com/play.html?vid=y0034etzu1c&ptag=887&object_id=2003338005:4505869191413786&video_src=https://multimedia.api.weibo.com/2/multimedia/redirect_tencent_video.json?vid=y0034etzu1c,
4505872800123038,J2sMg0w0u,6441657564,L宸宸宸宸不沉哎i,#陈芊芊回应传闻#今晚八点来看芊芊郡主期待赵露思期待陈芊芊,,,,陈芊芊回应传闻,0,2,4,2020-05-18 10:00,vivo X20全面屏手机,['http://ww4.sinaimg.cn/large/0071WxoEly1gewdg71fe6j30u01a0ar1.jpg'],,
4505872581909982,J2sLU80Sa,5504161112,不离筠,#赵露思传闻中的陈芊芊##陈芊芊回应传闻#少君嫁公主，蔷薇戏猛虎，O今晚8点，与你相约！让我们在@腾讯视频不见不散炎炎夏日，搭配甜甜爱情，快来@传闻中的陈芊芊官微，有你想要的一切,,,"腾讯视频,传闻中的陈芊芊官微","赵露思传闻中的陈芊芊,陈芊芊回应传闻",0,6,7,2020-05-18 10:00,麦芒 8,"['http://ww3.sinaimg.cn/large/0060uTK8ly1gewd3q9lfhj31jk2d7qv6.jpg', 'http://ww3.sinaimg.cn/large/0060uTK8ly1gewd3rda26j30u01a0ar1.jpg', 'http://ww2.sinaimg.cn/large/0060uTK8ly1gewd3tu6abj31jk2d77wi.jpg', 'http://ww3.sinaimg.cn/large/0060uTK8ly1gewd3vt9kqj31jk2d71ky.jpg']",,
4505871886066400,J2sKMps9a,3185250997,盛英豪,#传闻中的陈芊芊#规矩束缚不了我，今晚在@腾讯视频看#陈芊芊回应传闻#L《传闻中的陈芊芊》终极预告编剧郡主赵露思套牢腹黑少君丁禹兮,,,腾讯视频,"传闻中的陈芊芊,陈芊芊回应传闻",240,957,1088,2020-05-18 09:57,,,http://type=feedvideo&objectid=2003338005:4505869191413786&keys=4505869206159911&cover_img=//puui.qpic.cn/qqvideo_ori/0/y0034etzu1c_496_280/0&card_height=280&card_width=496&play_count=1918397&short_url=http://t.cn/A62P7gR7&encode_mode=&bitrate=277&biz_id=231268&current_mid=0&key=tblog_card&title=《传闻中的陈芊芊》终极预告 编剧郡主赵露思套牢腹黑少君丁禹兮&full_url=//m.v.qq.com/play.html?vid=y0034etzu1c&ptag=887&object_id=2003338005:4505869191413786&video_src=https://multimedia.api.weibo.com/2/multimedia/redirect_tencent_video.json?vid=y0034etzu1c,
4505871416167840,J2sK1pSxi,1374841922,赵昕zhaozhao,#传闻中的陈芊芊#我，花垣城大郡主，养生达人本人来啦~今晚在@腾讯视频看#陈芊芊回应传闻#L《传闻中的陈芊芊》终极预告编剧郡主赵露思套牢腹黑少君丁禹兮,,,腾讯视频看,"传闻中的陈芊芊,陈芊芊回应传闻",73,248,398,2020-05-18 09:55,iPhone 8,,http://type=feedvideo&objectid=2003338005:4505869191413786&keys=4505869206159911&cover_img=//puui.qpic.cn/qqvideo_ori/0/y0034etzu1c_496_280/0&card_height=280&card_width=496&play_count=1918397&short_url=http://t.cn/A62P7gR7&encode_mode=&bitrate=277&biz_id=231268&current_mid=0&key=tblog_card&title=《传闻中的陈芊芊》终极预告 编剧郡主赵露思套牢腹黑少君丁禹兮&full_url=//m.v.qq.com/play.html?vid=y0034etzu1c&ptag=887&object_id=2003338005:4505869191413786&video_src=https://multimedia.api.weibo.com/2/multimedia/redirect_tencent_video.json?vid=y0034etzu1c,
4505868383124201,J2sF8d6Kl,5261506782,oo白颜_,丁禹兮🌿#丁禹兮传闻中的陈芊芊#🌿#陈芊芊回应传闻#今晚陈芊芊就要开播啦～期待可耐腹黑的🍌少城主韩烁！大禹冲冲冲@丁禹兮,,,丁禹兮,"丁禹兮传闻中的陈芊芊,陈芊芊回应传闻",0,0,2,2020-05-18 09:43,丁禹兮超话,['http://ww3.sinaimg.cn/large/005K4KgCgy1gewcwxi466g30730724qp.jpg'],,
4505866420322675,J2sBY1lWr,5870470660,极光TV,#极光TV大屏追剧##传闻中的陈芊芊##陈芊芊回应传闻#今日开播缤纷夏日，传闻剧本已就绪，甜趣蜜恋今晚开启，快来果篮里一起追剧吧～@赵露思的微博@丁禹兮@盛英豪@周紫馨_@赵昕zhaozhao@权沛伦@陈名豪M@魏笑Smile@腾讯视频#极光TV#全网独播，每周一二20点更新2集，VIP抢先看6集。6月1日起VIP额外尊享超前点播特权，提前看大结局。,,,"赵露思的微博,丁禹兮,盛英豪,周紫馨_,赵昕zhaozhao,权沛伦,陈名豪M,魏笑Smile,腾讯视频","极光TV大屏追剧,传闻中的陈芊芊,陈芊芊回应传闻,极光TV",0,64,237,2020-05-18 09:35,微博 weibo.com,"['http://ww2.sinaimg.cn/large/006phTAEly1gewcpwyklij30u01a0hdz.jpg', 'http://ww3.sinaimg.cn/large/006phTAEly1gewcpwkvojj30u01a0hdy.jpg', 'http://ww4.sinaimg.cn/large/006phTAEly1gewcpwq6n9j30u01a0x6u.jpg', 'http://ww1.sinaimg.cn/large/006phTAEly1gewcpwylj6j30u01a01l3.jpg', 'http://ww4.sinaimg.cn/large/006phTAEly1gewcpx2blrj30u01a0u13.jpg', 'http://ww4.sinaimg.cn/large/006phTAEly1gewcpx054ej30u01a01l2.jpg']",,
4505865640955953,J2sAI40GB,2591595652,腾讯视频,#传闻中的陈芊芊##陈芊芊回应传闻#今日开播缤纷夏日，传闻剧本已就绪，甜趣蜜恋今晚开启，快来果篮里一起追剧吧～@赵露思的微博@丁禹兮@盛英豪@周紫馨_@赵昕zhaozhao@权沛伦@陈名豪M@魏笑Smile@腾讯视频全网独播，每周一二20点更新2集，VIP抢先看6集。6月1日起VIP额外尊享超前点播特权，提前看大结局。,,,"赵露思的微博,丁禹兮,盛英豪,周紫馨_,赵昕zhaozhao,权沛伦,陈名豪M,魏笑Smile,腾讯视频","传闻中的陈芊芊,陈芊芊回应传闻",78,269,1041,2020-05-18 09:32,微博 weibo.com,"['http://ww2.sinaimg.cn/large/9a789c84ly1gewckm37wmj20u01a0hdz.jpg', 'http://ww4.sinaimg.cn/large/9a789c84ly1gewckuy2xvj20u01a0hdy.jpg', 'http://ww3.sinaimg.cn/large/9a789c84ly1gewcl95btxj20u01a0x6u.jpg', 'http://ww1.sinaimg.cn/large/9a789c84ly1gewcl98qkij20u01a01l3.jpg', 'http://ww3.sinaimg.cn/large/9a789c84ly1gewcl9dfenj20u01a0u13.jpg', 'http://ww4.sinaimg.cn/large/9a789c84ly1gewcm154haj20u01a01l2.jpg']",,
4505865040441142,J2szK1QLc,3194118287,腾讯视频VIP,#传闻中的陈芊芊##陈芊芊回应传闻#今日开播缤纷夏日，传闻剧本已就绪，甜趣蜜恋今晚开启，快来果篮里一起追剧吧～@赵露思的微博@丁禹兮@盛英豪@周紫馨_@赵昕zhaozhao@权沛伦@陈名豪M@魏笑Smile@腾讯视频全网独播，每周一二20点更新2集，VIP抢先看6集。6月1日起VIP额外尊享超前点播特权，提前看大结局。,,,"赵露思的微博,丁禹兮,盛英豪,周紫馨_,赵昕zhaozhao,权沛伦,陈名豪M,魏笑Smile,腾讯视频","传闻中的陈芊芊,陈芊芊回应传闻",1,17,73,2020-05-18 09:30,微博 weibo.com,"['http://ww3.sinaimg.cn/large/be62608fly1gewbydh9s6j20u01a0hdz.jpg', 'http://ww4.sinaimg.cn/large/be62608fly1gewbycumhvj20u01a0hdy.jpg', 'http://ww3.sinaimg.cn/large/be62608fly1gewbycey3pj20u01a0x6u.jpg', 'http://ww4.sinaimg.cn/large/be62608fly1gewbyc2dmqj20u01a01l3.jpg', 'http://ww4.sinaimg.cn/large/be62608fly1gewbye3pz3j20u01a0u13.jpg', 'http://ww3.sinaimg.cn/large/be62608fly1gewbz6avamj20u01a01l2.jpg']",,
4505865040439964,J2szK1Qsc,7348046017,传闻中的陈芊芊官微,#传闻中的陈芊芊##陈芊芊回应传闻#今日开播缤纷夏日，传闻剧本已就绪，甜趣蜜恋今晚开启，快来果篮里一起追剧吧～@赵露思的微博@丁禹兮@盛英豪@周紫馨_ @赵昕zhaozhao@权沛伦@陈名豪M@魏笑Smile@腾讯视频全网独播，每周一二20点更新2集，VIP抢先看6集。6月1日起VIP额外尊享超前点播特权，提前看大结局。,,,"赵露思的微博,丁禹兮,盛英豪,周紫馨_,赵昕zhaozhao,权沛伦,陈名豪M,魏笑Smile,腾讯视频","传闻中的陈芊芊,陈芊芊回应传闻",185,498,3871,2020-05-18 09:30,微博 weibo.com,"['http://ww2.sinaimg.cn/large/0081hErfly1gevti8gsd1j30u01a0he2.jpg', 'http://ww2.sinaimg.cn/large/0081hErfly1gevticljklj30u01a07ww.jpg', 'http://ww2.sinaimg.cn/large/0081hErfly1gevtiaydhsj30u01a0e8d.jpg', 'http://ww2.sinaimg.cn/large/0081hErfly1gevti6vywxj30u01a01l3.jpg', 'http://ww1.sinaimg.cn/large/0081hErfly1gevtibmi7wj30u01a0qvh.jpg', 'http://ww3.sinaimg.cn/large/0081hErfly1gevti8owv9j30u01a04qw.jpg']",,
4505844639106717,J2s2PCd4x,6358994971,金秀文Sammi,花开又花谢，时过境迁情不变～#传闻中的陈芊芊#片头曲MV《月夜》清甜上线，超苏恋曲配上成交夫妇初夏蜜恋，夏天也融化在果香里。5月18日，来腾讯视频看#陈芊芊回应传闻#，期待@传闻中的陈芊芊官微开播！L传闻中的陈芊芊官微的微博视频,,,传闻中的陈芊芊官微,"传闻中的陈芊芊,陈芊芊回应传闻",0,0,0,2020-05-18 08:08,微博云剪,,"http://f.video.weibocdn.com/mi3Ln3Kxlx07Df80Y27S01041200ha5G0E010.mp4?label=mp4_ld&template=640x360.25.0&trans_finger=40a32e8439c5409a63ccf853562a60ef&Expires=1589804235&ssig=K4JqFAkM%2Bb&KID=unistore,video",
4505844639109122,J2s2PCdHk,3215904043,时尚小小妮,花开又花谢，时过境迁情不变～#传闻中的陈芊芊#片头曲MV《月夜》清甜上线，超苏恋曲配上成交夫妇初夏蜜恋，夏天也融化在果香里。5月18日，来腾讯视频看#陈芊芊回应传闻#，期待@传闻中的陈芊芊官微开播！L传闻中的陈芊芊官微的微博视频,,,传闻中的陈芊芊官微,"传闻中的陈芊芊,陈芊芊回应传闻",0,0,0,2020-05-18 08:08,微博云剪,,"http://f.video.weibocdn.com/mi3Ln3Kxlx07Df80Y27S01041200ha5G0E010.mp4?label=mp4_ld&template=640x360.25.0&trans_finger=40a32e8439c5409a63ccf853562a60ef&Expires=1589804235&ssig=K4JqFAkM%2Bb&KID=unistore,video",
4505844639639352,J2s2PErDq,6213914512,哟哟nice,花开又花谢，时过境迁情不变～#传闻中的陈芊芊#片头曲MV《月夜》清甜上线，超苏恋曲配上成交夫妇初夏蜜恋，夏天也融化在果香里。5月18日，来腾讯视频看#陈芊芊回应传闻#，期待@传闻中的陈芊芊官微开播！L传闻中的陈芊芊官微的微博视频,,,传闻中的陈芊芊官微,"传闻中的陈芊芊,陈芊芊回应传闻",0,0,0,2020-05-18 08:08,微博云剪,,"http://f.video.weibocdn.com/mi3Ln3Kxlx07Df80Y27S01041200ha5G0E010.mp4?label=mp4_ld&template=640x360.25.0&trans_finger=40a32e8439c5409a63ccf853562a60ef&Expires=1589804235&ssig=K4JqFAkM%2Bb&KID=unistore,video",
4505739634700672,J2pjtjIRi,6315564336,夏花里的深绿mu,#赵露思瘦了#不仅瘦，而且是发量巨多的宝藏女孩赵露思了解一下#陈芊芊回应传闻#,,,,"赵露思瘦了,陈芊芊回应传闻",1,0,6,2020-05-18 01:11,Android,"['http://ww1.sinaimg.cn/large/006TpsMUly1gevy5ku7t9j30j611v7wh.jpg', 'http://ww4.sinaimg.cn/large/006TpsMUly1gevy5lhfo3j30hv10xq66.jpg', 'http://ww2.sinaimg.cn/large/006TpsMUly1gevy5mas18j30th0j640y.jpg', 'http://ww3.sinaimg.cn/large/006TpsMUly1gevy5mv4nsj30ix0sgq6e.jpg', 'http://ww1.sinaimg.cn/large/006TpsMUly1gevy5nhwc1j30uh0u0ado.jpg', 'http://ww4.sinaimg.cn/large/006TpsMUly1gevy5o5fefj30k30jg412.jpg', 'http://ww2.sinaimg.cn/large/006TpsMUly1gevy5oq79lj30ru0lkadu.jpg', 'http://ww2.sinaimg.cn/large/006TpsMUly1gevy5p8t5fj30hv10xq66.jpg', 'http://ww2.sinaimg.cn/large/006TpsMUly1gevy5sfc3xj30j611v7wh.jpg']",,
4505737563040667,J2pg8cL11,6714296931,啦啦啦小幸运824,#赵露思瘦了#赵姐早就瘦了好吗，瘦了好久了，只是之前播的剧又不停的上哈哈哈，这次终于是瘦了以后的剧了《传闻中的陈芊芊》，先回顾一下覃川的绝美蒙纱舞身材#陈芊芊回应传闻#,,,,"赵露思瘦了,陈芊芊回应传闻",0,0,2,2020-05-18 01:03,Android,"['http://ww2.sinaimg.cn/large/007kovlNly1gevxwugvm2j30u01hcal8.jpg', 'http://ww2.sinaimg.cn/large/007kovlNly1gevxwvz2nvj30u01hctiv.jpg', 'http://ww2.sinaimg.cn/large/007kovlNly1gevxwzyt9jj30u01hc12h.jpg', 'http://ww1.sinaimg.cn/large/007kovlNly1gevxx1edchj30u01hcdoj.jpg', 'http://ww4.sinaimg.cn/large/007kovlNly1gevxx2ylstj30u01hck1z.jpg', 'http://ww2.sinaimg.cn/large/007kovlNly1gevxx4qd4ej30u01hcn8n.jpg', 'http://ww4.sinaimg.cn/large/007kovlNly1gevxx5web6j30u01hcaj4.jpg', 'http://ww4.sinaimg.cn/large/007kovlNly1gevxx77yd1j30u01hcwo3.jpg', 'http://ww4.sinaimg.cn/large/007kovlNly1gevxx8e0oxj30u01hctj3.jpg']",,
4505735629473124,J2pd0DKok,7304750070,怒发冲冠啦y,#赵露思瘦了#我对露思妹妹的印象还停留在皇帝陛下，黄昏下被男主刺剑的画面简直美绝，没想到两年过去了，终于又有在腾讯播出的剧了，传闻中的陈芊芊，追起来～#陈芊芊回应传闻#,,,,"赵露思瘦了,陈芊芊回应传闻",0,0,2,2020-05-18 00:55,Android,['http://ww3.sinaimg.cn/large/007YlZbwly1gevxp8n11wj30u00gh40t.jpg'],,
4505733431699197,J2p9t782p,7304750019,空城依旧_uff,#赵露思瘦了#肉丝去年7月瘦身成功的第一部剧终于要上了，终于不是肥胖四部曲了哈哈～《传闻中的陈芊芊》，来看瘦瘦的芊芊郡主哦#陈芊芊回应传闻#,,,,"赵露思瘦了,陈芊芊回应传闻",0,0,0,2020-05-18 00:47,Android,"['http://ww3.sinaimg.cn/large/007YlZaHly1gevxg1klwoj30d208cdl8.jpg', 'http://ww3.sinaimg.cn/large/007YlZaHly1gevxg2qz0cj30u0190qc9.jpg', 'http://ww2.sinaimg.cn/large/007YlZaHly1gevxg42d7zj30u0190tfe.jpg', 'http://ww3.sinaimg.cn/large/007YlZaHly1gevxg54rdxj30u0140k1a.jpg']",,
4505731254970065,J2p5XkQWl,2893085281,小迷糊啊zzz,#陈芊芊回应传闻#《三千鸦杀》之后就一直剧荒，一直在等《传闻中的陈芊芊》，冲鸭！！已经充好钱了哈哈哈哈哈哈哈#赵露思瘦了#,,,,"陈芊芊回应传闻,赵露思瘦了",0,0,0,2020-05-18 00:38,Android,"['http://ww3.sinaimg.cn/large/ac70fa61ly1gevx4j919nj20u014077y.jpg', 'http://ww4.sinaimg.cn/large/ac70fa61ly1gevx4m0vogj20u014043e.jpg', 'http://ww4.sinaimg.cn/large/ac70fa61ly1gevx4nk25bj20u0140tct.jpg', 'http://ww4.sinaimg.cn/large/ac70fa61ly1gevx4p2ujfj20u0190tep.jpg', 'http://ww1.sinaimg.cn/large/ac70fa61ly1gevx4q6clfj20u01900xs.jpg', 'http://ww1.sinaimg.cn/large/ac70fa61ly1gevx4r1gu8j21900u078m.jpg', 'http://ww4.sinaimg.cn/large/ac70fa61ly1gevx4rv73cj20u0190wi2.jpg', 'http://ww4.sinaimg.cn/large/ac70fa61ly1gevx4v5ry2j20u00u0avb.jpg', 'http://ww2.sinaimg.cn/large/ac70fa61ly1gevx4y529ej20u00u0ar4.jpg']",,
4505729098268403,J2p2tyGZl,6528888556,杰西卡云云一生,#赵露思瘦了#倒计时播出1天！提问：芊芊还会是哭戏超多的吗？#陈芊芊回应传闻#,,,,"赵露思瘦了,陈芊芊回应传闻",0,0,0,2020-05-18 00:29,vivo S1 Pro 升降自拍,"['http://ww4.sinaimg.cn/large/0077Qya8ly1gevwwrako9g30pl0hue89.jpg', 'http://ww1.sinaimg.cn/large/0077Qya8ly1gevwwtkfvog30gh0ah1l5.jpg', 'http://ww1.sinaimg.cn/large/0077Qya8ly1gevwwvtrqvg30h60grnpk.jpg', 'http://ww4.sinaimg.cn/large/0077Qya8ly1gevwwyyu5bg30gy09y4qy.jpg', 'http://ww1.sinaimg.cn/large/0077Qya8ly1gevwx1un8ug30hl0euhe1.jpg', 'http://ww2.sinaimg.cn/large/0077Qya8ly1gevwx50ushg30ff0b0u15.jpg', 'http://ww2.sinaimg.cn/large/0077Qya8ly1gevwx83q5wg30c70bo4qx.jpg', 'http://ww3.sinaimg.cn/large/0077Qya8ly1gevwxcorshg30uk0h7x6x.jpg', 'http://ww3.sinaimg.cn/large/0077Qya8ly1gevwxg6n5wg30f20aehe1.jpg']",,
4505724078050799,J2oUnxMnB,6448996212,zzz快乐就好,#陈芊芊回应传闻#终于等到芊芊上线啦！《传闻中的陈芊芊》，明天见我美美的露思，没有人可以错过这个视频！！#赵露思瘦了#LShare分享客的微博视频,,,,"陈芊芊回应传闻,赵露思瘦了",1,0,3,2020-05-18 00:09,明星资讯 · 视频社区,,"http://f.video.weibocdn.com/uiw7vODtlx07DhFI4JHG01041200ueLr0E010.mp4?label=mp4_ld&template=640x360.25.0&trans_finger=bdef57f06ae52835a2c783ca389e8517&Expires=1589804261&ssig=42Y60XPl60&KID=unistore,video",
